<Patch>

	<!-- PrisonCell -->
	
	<Operation Class="PatchOperationReplace">
		<xpath>*/ThoughtDef[defName = "PrisonCell"]/stages/li[1]/baseMoodEffect</xpath>
		<value>
			<baseMoodEffect>-5</baseMoodEffect>
		</value>
	</Operation>
	<Operation Class="PatchOperationReplace">
		<xpath>*/ThoughtDef[defName = "PrisonCell"]/stages/li[4]/baseMoodEffect</xpath>
		<value>
			<baseMoodEffect>0</baseMoodEffect>
		</value>
	</Operation>
	<Operation Class="PatchOperationReplace">
		<xpath>*/ThoughtDef[defName = "PrisonCell"]/stages/li[5]/baseMoodEffect</xpath>
		<value>
			<baseMoodEffect>1</baseMoodEffect>
		</value>
	</Operation>
	<Operation Class="PatchOperationReplace">
		<xpath>*/ThoughtDef[defName = "PrisonCell"]/stages/li[6]/baseMoodEffect</xpath>
		<value>
			<baseMoodEffect>2</baseMoodEffect>
		</value>
	</Operation>
	<Operation Class="PatchOperationReplace">
		<xpath>*/ThoughtDef[defName = "PrisonCell"]/stages/li[7]/baseMoodEffect</xpath>
		<value>
			<baseMoodEffect>3</baseMoodEffect>
		</value>
	</Operation>
	<Operation Class="PatchOperationReplace">
		<xpath>*/ThoughtDef[defName = "PrisonCell"]/stages/li[8]/baseMoodEffect</xpath>
		<value>
			<baseMoodEffect>4</baseMoodEffect>
		</value>
	</Operation>
	<Operation Class="PatchOperationReplace">
		<xpath>*/ThoughtDef[defName = "PrisonCell"]/stages/li[9]/baseMoodEffect</xpath>
		<value>
			<baseMoodEffect>5</baseMoodEffect>
		</value>
	</Operation>
	<Operation Class="PatchOperationReplace">
		<xpath>*/ThoughtDef[defName = "PrisonCell"]/stages/li[10]/baseMoodEffect</xpath>
		<value>
			<baseMoodEffect>6</baseMoodEffect>
		</value>
	</Operation>

	<!-- PrisonBarracks -->

	<Operation Class="PatchOperationReplace">
		<xpath>*/ThoughtDef[defName = "PrisonBarracks"]/stages/li[1]/baseMoodEffect</xpath>
		<value>
			<baseMoodEffect>-8</baseMoodEffect>
		</value>
	</Operation>
	<Operation Class="PatchOperationReplace">
		<xpath>*/ThoughtDef[defName = "PrisonBarracks"]/stages/li[2]/baseMoodEffect</xpath>
		<value>
			<baseMoodEffect>-3</baseMoodEffect>
		</value>
	</Operation>
	<Operation Class="PatchOperationReplace">
		<xpath>*/ThoughtDef[defName = "PrisonBarracks"]/stages/li[5]/baseMoodEffect</xpath>
		<value>
			<baseMoodEffect>0</baseMoodEffect>
		</value>
	</Operation>
	<Operation Class="PatchOperationReplace">
		<xpath>*/ThoughtDef[defName = "PrisonBarracks"]/stages/li[6]/baseMoodEffect</xpath>
		<value>
			<baseMoodEffect>1</baseMoodEffect>
		</value>
	</Operation>
	<Operation Class="PatchOperationReplace">
		<xpath>*/ThoughtDef[defName = "PrisonBarracks"]/stages/li[7]/baseMoodEffect</xpath>
		<value>
			<baseMoodEffect>2</baseMoodEffect>
		</value>
	</Operation>
	<Operation Class="PatchOperationReplace">
		<xpath>*/ThoughtDef[defName = "PrisonBarracks"]/stages/li[8]/baseMoodEffect</xpath>
		<value>
			<baseMoodEffect>3</baseMoodEffect>
		</value>
	</Operation>
	<Operation Class="PatchOperationReplace">
		<xpath>*/ThoughtDef[defName = "PrisonBarracks"]/stages/li[9]/baseMoodEffect</xpath>
		<value>
			<baseMoodEffect>4</baseMoodEffect>
		</value>
	</Operation>
	<Operation Class="PatchOperationReplace">
		<xpath>*/ThoughtDef[defName = "PrisonBarracks"]/stages/li[10]/baseMoodEffect</xpath>
		<value>
			<baseMoodEffect>5</baseMoodEffect>
		</value>
	</Operation>

	<!-- HospitalPatientRoomStats -->

	<Operation Class="PatchOperationReplace">
		<xpath>*/ThoughtDef[defName = "HospitalPatientRoomStats"]/stages/li[1]/baseMoodEffect</xpath>
		<value>
			<baseMoodEffect>-8</baseMoodEffect>
		</value>
	</Operation>
	<Operation Class="PatchOperationReplace">
		<xpath>*/ThoughtDef[defName = "HospitalPatientRoomStats"]/stages/li[2]/baseMoodEffect</xpath>
		<value>
			<baseMoodEffect>-3</baseMoodEffect>
		</value>
	</Operation>

</Patch>
