<Patch>

	<!-- SharedBed -->
	
	<!-- ColonistLeftUnburied -->

	<Operation Class="PatchOperationReplace">
		<xpath>*/ThoughtDef[defName = "ColonistLeftUnburied"]/stages/li[1]/baseMoodEffect</xpath>
		<value>
			<baseMoodEffect>-15</baseMoodEffect>
		</value>
	</Operation>

	<!-- Naked -->

	<Operation Class="PatchOperationReplace">
		<xpath>*/ThoughtDef[defName = "Naked"]/stages/li[1]/baseMoodEffect</xpath>
		<value>
			<baseMoodEffect>-5</baseMoodEffect>
		</value>
	</Operation>

	<!-- Pain -->

	<!-- PsychicEmanatorSoothe -->

	<!-- PsychicDrone -->

	<Operation Class="PatchOperationReplace">
		<xpath>*/ThoughtDef[defName = "PsychicDrone"]/stages/li[1]/baseMoodEffect</xpath>
		<value>
			<baseMoodEffect>15</baseMoodEffect>
		</value>
	</Operation>
	<Operation Class="PatchOperationReplace">
		<xpath>*/ThoughtDef[defName = "PsychicDrone"]/stages/li[2]/baseMoodEffect</xpath>
		<value>
			<baseMoodEffect>-7</baseMoodEffect>
		</value>
	</Operation>
	<Operation Class="PatchOperationReplace">
		<xpath>*/ThoughtDef[defName = "PsychicDrone"]/stages/li[3]/baseMoodEffect</xpath>
		<value>
			<baseMoodEffect>-15</baseMoodEffect>
		</value>
	</Operation>
	<Operation Class="PatchOperationReplace">
		<xpath>*/ThoughtDef[defName = "PsychicDrone"]/stages/li[4]/baseMoodEffect</xpath>
		<value>
			<baseMoodEffect>-25</baseMoodEffect>
		</value>
	</Operation>
	<Operation Class="PatchOperationReplace">
		<xpath>*/ThoughtDef[defName = "PsychicDrone"]/stages/li[5]/baseMoodEffect</xpath>
		<value>
			<baseMoodEffect>-50</baseMoodEffect>
		</value>
	</Operation>

	<!-- Joywire -->

	<!-- Aurora -->

	<Operation Class="PatchOperationReplace">
		<xpath>*/ThoughtDef[defName = "Aurora"]/stages/li[1]/baseMoodEffect</xpath>
		<value>
			<baseMoodEffect>12</baseMoodEffect>
		</value>
	</Operation>

	<!-- DoingPassionateWork -->
	
</Patch>
