<Patch>

	<!-- EnvironmentDark -->
	
	<Operation Class="PatchOperationReplace">
		<xpath>*/ThoughtDef[defName = "EnvironmentDark"]/stages/li[1]/baseMoodEffect</xpath>
		<value>
			<baseMoodEffect>-3</baseMoodEffect>
		</value>
	</Operation>

	<!-- ApparelDamaged -->

	<Operation Class="PatchOperationReplace">
		<xpath>*/ThoughtDef[defName = "ApparelDamaged"]/stages/li[1]/baseMoodEffect</xpath>
		<value>
			<baseMoodEffect>-1</baseMoodEffect>
		</value>
	</Operation>
	<Operation Class="PatchOperationReplace">
		<xpath>*/ThoughtDef[defName = "ApparelDamaged"]/stages/li[2]/baseMoodEffect</xpath>
		<value>
			<baseMoodEffect>-3</baseMoodEffect>
		</value>
	</Operation>

	<!-- DeadMansApparel -->

	<Operation Class="PatchOperationReplace">
		<xpath>*/ThoughtDef[defName = "DeadMansApparel"]/stages/li[1]/baseMoodEffect</xpath>
		<value>
			<baseMoodEffect>-1</baseMoodEffect>
		</value>
	</Operation>
	<Operation Class="PatchOperationReplace">
		<xpath>*/ThoughtDef[defName = "DeadMansApparel"]/stages/li[2]/baseMoodEffect</xpath>
		<value>
			<baseMoodEffect>-2</baseMoodEffect>
		</value>
	</Operation>
	<Operation Class="PatchOperationReplace">
		<xpath>*/ThoughtDef[defName = "DeadMansApparel"]/stages/li[3]/baseMoodEffect</xpath>
		<value>
			<baseMoodEffect>-3</baseMoodEffect>
		</value>
	</Operation>
	<Operation Class="PatchOperationReplace">
		<xpath>*/ThoughtDef[defName = "DeadMansApparel"]/stages/li[4]/baseMoodEffect</xpath>
		<value>
			<baseMoodEffect>-5</baseMoodEffect>
		</value>
	</Operation>

	<!-- HumanLeatherApparelSad -->

	<Operation Class="PatchOperationReplace">
		<xpath>*/ThoughtDef[defName = "HumanLeatherApparelSad"]/stages/li[1]/baseMoodEffect</xpath>
		<value>
			<baseMoodEffect>-3</baseMoodEffect>
		</value>
	</Operation>
	<Operation Class="PatchOperationReplace">
		<xpath>*/ThoughtDef[defName = "HumanLeatherApparelSad"]/stages/li[2]/baseMoodEffect</xpath>
		<value>
			<baseMoodEffect>-5</baseMoodEffect>
		</value>
	</Operation>
	<Operation Class="PatchOperationReplace">
		<xpath>*/ThoughtDef[defName = "HumanLeatherApparelSad"]/stages/li[3]/baseMoodEffect</xpath>
		<value>
			<baseMoodEffect>-5</baseMoodEffect>
		</value>
	</Operation>
	<Operation Class="PatchOperationReplace">
		<xpath>*/ThoughtDef[defName = "HumanLeatherApparelSad"]/stages/li[4]/baseMoodEffect</xpath>
		<value>
			<baseMoodEffect>-10</baseMoodEffect>
		</value>
	</Operation>

	<!-- HumanLeatherApparelHappy -->

	<Operation Class="PatchOperationReplace">
		<xpath>*/ThoughtDef[defName = "HumanLeatherApparelHappy"]/stages/li[1]/baseMoodEffect</xpath>
		<value>
			<baseMoodEffect>1</baseMoodEffect>
		</value>
	</Operation>
	<Operation Class="PatchOperationReplace">
		<xpath>*/ThoughtDef[defName = "HumanLeatherApparelHappy"]/stages/li[2]/baseMoodEffect</xpath>
		<value>
			<baseMoodEffect>2</baseMoodEffect>
		</value>
	</Operation>
	<Operation Class="PatchOperationReplace">
		<xpath>*/ThoughtDef[defName = "HumanLeatherApparelHappy"]/stages/li[3]/baseMoodEffect</xpath>
		<value>
			<baseMoodEffect>5</baseMoodEffect>
		</value>
	</Operation>

	<!-- Sick -->

	<!-- EnvironmentCold -->

	<Operation Class="PatchOperationReplace">
		<xpath>*/ThoughtDef[defName = "EnvironmentCold"]/stages/li[1]/baseMoodEffect</xpath>
		<value>
			<baseMoodEffect>-5</baseMoodEffect>
		</value>
	</Operation>
	<Operation Class="PatchOperationReplace">
		<xpath>*/ThoughtDef[defName = "EnvironmentCold"]/stages/li[3]/baseMoodEffect</xpath>
		<value>
			<baseMoodEffect>-10</baseMoodEffect>
		</value>
	</Operation>
	<Operation Class="PatchOperationReplace">
		<xpath>*/ThoughtDef[defName = "EnvironmentCold"]/stages/li[4]/baseMoodEffect</xpath>
		<value>
			<baseMoodEffect>-20</baseMoodEffect>
		</value>
	</Operation>

	<!-- EnvironmentHot -->

	<Operation Class="PatchOperationReplace">
		<xpath>*/ThoughtDef[defName = "EnvironmentHot"]/stages/li[1]/baseMoodEffect</xpath>
		<value>
			<baseMoodEffect>-5</baseMoodEffect>
		</value>
	</Operation>
	<Operation Class="PatchOperationReplace">
		<xpath>*/ThoughtDef[defName = "EnvironmentHot"]/stages/li[3]/baseMoodEffect</xpath>
		<value>
			<baseMoodEffect>-10</baseMoodEffect>
		</value>
	</Operation>
	<Operation Class="PatchOperationReplace">
		<xpath>*/ThoughtDef[defName = "EnvironmentHot"]/stages/li[4]/baseMoodEffect</xpath>
		<value>
			<baseMoodEffect>-20</baseMoodEffect>
		</value>
	</Operation>
	
</Patch>
