<Patch>

	<!-- AteInImpressiveDiningRoom -->
	
	<Operation Class="PatchOperationReplace">
		<xpath>*/ThoughtDef[defName = "AteInImpressiveDiningRoom"]/durationDays</xpath>
		<value>
			<durationDays>0.35</durationDays>
		</value>
	</Operation>

	<!-- JoyActivityInImpressiveRecRoom -->

	<Operation Class="PatchOperationReplace">
		<xpath>*/ThoughtDef[defName = "JoyActivityInImpressiveRecRoom"]/durationDays</xpath>
		<value>
			<durationDays>0.35</durationDays>
		</value>
	</Operation>

	<!-- SleptInBedroom -->
	
	<Operation Class="PatchOperationReplace">
		<xpath>*/ThoughtDef[defName = "SleptInBedroom"]/stages/li[1]/baseMoodEffect</xpath>
		<value>
			<baseMoodEffect>-1</baseMoodEffect>
		</value>
	</Operation>

	<!-- SleptInBarracks -->

	<Operation Class="PatchOperationReplace">
		<xpath>*/ThoughtDef[defName = "SleptInBarracks"]/stages/li[1]/baseMoodEffect</xpath>
		<value>
			<baseMoodEffect>-4</baseMoodEffect>
		</value>
	</Operation>
	<Operation Class="PatchOperationReplace">
		<xpath>*/ThoughtDef[defName = "SleptInBarracks"]/stages/li[2]/baseMoodEffect</xpath>
		<value>
			<baseMoodEffect>-3</baseMoodEffect>
		</value>
	</Operation>
	<Operation Class="PatchOperationReplace">
		<xpath>*/ThoughtDef[defName = "SleptInBarracks"]/stages/li[3]/baseMoodEffect</xpath>
		<value>
			<baseMoodEffect>-2</baseMoodEffect>
		</value>
	</Operation>
	<Operation Class="PatchOperationReplace">
		<xpath>*/ThoughtDef[defName = "SleptInBarracks"]/stages/li[4]/baseMoodEffect</xpath>
		<value>
			<baseMoodEffect>-1</baseMoodEffect>
		</value>
	</Operation>
	<Operation Class="PatchOperationReplace">
		<xpath>*/ThoughtDef[defName = "SleptInBarracks"]/stages/li[5]/baseMoodEffect</xpath>
		<value>
			<baseMoodEffect>0</baseMoodEffect>
		</value>
	</Operation>
	<Operation Class="PatchOperationReplace">
		<xpath>*/ThoughtDef[defName = "SleptInBarracks"]/stages/li[6]/baseMoodEffect</xpath>
		<value>
			<baseMoodEffect>1</baseMoodEffect>
		</value>
	</Operation>
	<Operation Class="PatchOperationReplace">
		<xpath>*/ThoughtDef[defName = "SleptInBarracks"]/stages/li[7]/baseMoodEffect</xpath>
		<value>
			<baseMoodEffect>2</baseMoodEffect>
		</value>
	</Operation>
	<Operation Class="PatchOperationReplace">
		<xpath>*/ThoughtDef[defName = "SleptInBarracks"]/stages/li[8]/baseMoodEffect</xpath>
		<value>
			<baseMoodEffect>3</baseMoodEffect>
		</value>
	</Operation>
	<Operation Class="PatchOperationReplace">
		<xpath>*/ThoughtDef[defName = "SleptInBarracks"]/stages/li[9]/baseMoodEffect</xpath>
		<value>
			<baseMoodEffect>4</baseMoodEffect>
		</value>
	</Operation>
	<Operation Class="PatchOperationReplace">
		<xpath>*/ThoughtDef[defName = "SleptInBarracks"]/stages/li[10]/baseMoodEffect</xpath>
		<value>
			<baseMoodEffect>5</baseMoodEffect>
		</value>
	</Operation>
	
</Patch>
