<Patch>

	<!-- AteWithoutTable -->

	<Operation Class="PatchOperationReplace">
		<xpath>*/ThoughtDef[defName = "AteWithoutTable"]/durationDays</xpath>
		<value>
			<durationDays>0.15</durationDays>
		</value>
	</Operation>
	<Operation Class="PatchOperationReplace">
		<xpath>*/ThoughtDef[defName = "AteWithoutTable"]/stages/li[1]/baseMoodEffect</xpath>
		<value>
			<baseMoodEffect>-1</baseMoodEffect>
		</value>
	</Operation>

	<!-- SleepDisturbed -->

	<Operation Class="PatchOperationReplace">
		<xpath>*/ThoughtDef[defName = "SleepDisturbed"]/durationDays</xpath>
		<value>
			<durationDays>0.5</durationDays>
		</value>
	</Operation>
	<Operation Class="PatchOperationReplace">
		<xpath>*/ThoughtDef[defName = "SleepDisturbed"]/stackLimit</xpath>
		<value>
			<stackLimit>4</stackLimit>
		</value>
	</Operation>
	<Operation Class="PatchOperationReplace">
		<xpath>*/ThoughtDef[defName = "SleepDisturbed"]/stackedEffectMultiplier</xpath>
		<value>
			<stackedEffectMultiplier>0.5</stackedEffectMultiplier>
		</value>
	</Operation>
	<Operation Class="PatchOperationReplace">
		<xpath>*/ThoughtDef[defName = "SleepDisturbed"]/stages/li[1]/baseMoodEffect</xpath>
		<value>
			<baseMoodEffect>-2</baseMoodEffect>
		</value>
	</Operation>

	<!-- NewColonyOptimism -->

	<Operation Class="PatchOperationReplace">
		<xpath>*/ThoughtDef[defName = "NewColonyOptimism"]/durationDays</xpath>
		<value>
			<durationDays>5</durationDays>
		</value>
	</Operation>

	<!-- NewColonyHope -->

	<Operation Class="PatchOperationReplace">
		<xpath>*/ThoughtDef[defName = "NewColonyHope"]/durationDays</xpath>
		<value>
			<durationDays>5</durationDays>
		</value>
	</Operation>

	<!-- SleptOutside -->

	<Operation Class="PatchOperationReplace">
		<xpath>*/ThoughtDef[defName = "SleptOutside"]/durationDays</xpath>
		<value>
			<durationDays>0.3</durationDays>
		</value>
	</Operation>
	<Operation Class="PatchOperationReplace">
		<xpath>*/ThoughtDef[defName = "SleptOutside"]/stages/li[1]/baseMoodEffect</xpath>
		<value>
			<baseMoodEffect>-2</baseMoodEffect>
		</value>
	</Operation>

	<!-- SleptOnGround -->

	<Operation Class="PatchOperationReplace">
		<xpath>*/ThoughtDef[defName = "SleptOnGround"]/durationDays</xpath>
		<value>
			<durationDays>0.3</durationDays>
		</value>
	</Operation>
	<Operation Class="PatchOperationReplace">
		<xpath>*/ThoughtDef[defName = "SleptOnGround"]/stages/li[1]/baseMoodEffect</xpath>
		<value>
			<baseMoodEffect>-2</baseMoodEffect>
		</value>
	</Operation>

	<!-- SleptInCold -->

	<Operation Class="PatchOperationReplace">
		<xpath>*/ThoughtDef[defName = "SleptInCold"]/durationDays</xpath>
		<value>
			<durationDays>0.3</durationDays>
		</value>
	</Operation>
	<Operation Class="PatchOperationReplace">
		<xpath>*/ThoughtDef[defName = "SleptInCold"]/stages/li[1]/baseMoodEffect</xpath>
		<value>
			<baseMoodEffect>-2</baseMoodEffect>
		</value>
	</Operation>

	<!-- SleptInHeat -->

	<Operation Class="PatchOperationReplace">
		<xpath>*/ThoughtDef[defName = "SleptInHeat"]/durationDays</xpath>
		<value>
			<durationDays>0.3</durationDays>
		</value>
	</Operation>
	<Operation Class="PatchOperationReplace">
		<xpath>*/ThoughtDef[defName = "SleptInHeat"]/stages/li[1]/baseMoodEffect</xpath>
		<value>
			<baseMoodEffect>-2</baseMoodEffect>
		</value>
	</Operation>

	<!-- KnowPrisonerSold -->

	<Operation Class="PatchOperationReplace">
		<xpath>*/ThoughtDef[defName = "KnowPrisonerSold"]/durationDays</xpath>
		<value>
			<durationDays>5</durationDays>
		</value>
	</Operation>
	<Operation Class="PatchOperationReplace">
		<xpath>*/ThoughtDef[defName = "KnowPrisonerSold"]/stackLimit</xpath>
		<value>
			<stackLimit>1</stackLimit>
		</value>
	</Operation>
	<Operation Class="PatchOperationReplace">
		<xpath>*/ThoughtDef[defName = "KnowPrisonerSold"]/stages/li[1]/baseMoodEffect</xpath>
		<value>
			<baseMoodEffect>-5</baseMoodEffect>
		</value>
	</Operation>

	<!-- KnowGuestOrganHarvested -->

	<Operation Class="PatchOperationReplace">
		<xpath>*/ThoughtDef[defName = "KnowGuestOrganHarvested"]/durationDays</xpath>
		<value>
			<durationDays>5</durationDays>
		</value>
	</Operation>
	<Operation Class="PatchOperationReplace">
		<xpath>*/ThoughtDef[defName = "KnowGuestOrganHarvested"]/stackLimit</xpath>
		<value>
			<stackLimit>1</stackLimit>
		</value>
	</Operation>

	<!-- KnowColonistOrganHarvested -->

	<Operation Class="PatchOperationReplace">
		<xpath>*/ThoughtDef[defName = "KnowColonistOrganHarvested"]/durationDays</xpath>
		<value>
			<durationDays>7.5</durationDays>
		</value>
	</Operation>
	<Operation Class="PatchOperationReplace">
		<xpath>*/ThoughtDef[defName = "KnowColonistOrganHarvested"]/stackedEffectMultiplier</xpath>
		<value>
			<stackedEffectMultiplier>0.5</stackedEffectMultiplier>
		</value>
	</Operation>
	<Operation Class="PatchOperationReplace">
		<xpath>*/ThoughtDef[defName = "KnowColonistOrganHarvested"]/stages/li[1]/baseMoodEffect</xpath>
		<value>
			<baseMoodEffect>-15</baseMoodEffect>
		</value>
	</Operation>

	<!-- MyOrganHarvested -->

	<Operation Class="PatchOperationReplace">
		<xpath>*/ThoughtDef[defName = "MyOrganHarvested"]/durationDays</xpath>
		<value>
			<durationDays>15</durationDays>
		</value>
	</Operation>

	<!-- WasImprisoned -->

	<Operation Class="PatchOperationReplace">
		<xpath>*/ThoughtDef[defName = "WasImprisoned"]/durationDays</xpath>
		<value>
			<durationDays>7.5</durationDays>
		</value>
	</Operation>

	<!-- Catharsis -->

	<Operation Class="PatchOperationReplace">
		<xpath>*/ThoughtDef[defName = "Catharsis"]/durationDays</xpath>
		<value>
			<durationDays>3.5</durationDays>
		</value>
	</Operation>
	<Operation Class="PatchOperationReplace">
		<xpath>*/ThoughtDef[defName = "Catharsis"]/stages/li[1]/baseMoodEffect</xpath>
		<value>
			<baseMoodEffect>20</baseMoodEffect>
		</value>
	</Operation>

	<!-- Nuzzled -->

	<Operation Class="PatchOperationReplace">
		<xpath>*/ThoughtDef[defName = "Nuzzled"]/durationDays</xpath>
		<value>
			<durationDays>0.5</durationDays>
		</value>
	</Operation>
	<Operation Class="PatchOperationReplace">
		<xpath>*/ThoughtDef[defName = "Nuzzled"]/stackLimit</xpath>
		<value>
			<stackLimit>10</stackLimit>
		</value>
	</Operation>
	<Operation Class="PatchOperationReplace">
		<xpath>*/ThoughtDef[defName = "Nuzzled"]/stages/li[1]/baseMoodEffect</xpath>
		<value>
			<baseMoodEffect>2</baseMoodEffect>
		</value>
	</Operation>

	<!-- KnowBuriedInSarcophagus -->

	<Operation Class="PatchOperationAdd">
		<xpath>*/ThoughtDef[defName = "KnowBuriedInSarcophagus"]</xpath>
		<value>
			<stackedEffectMultiplier>1</stackedEffectMultiplier>
		</value>
	</Operation>
	<Operation Class="PatchOperationReplace">
		<xpath>*/ThoughtDef[defName = "KnowBuriedInSarcophagus"]/durationDays</xpath>
		<value>
			<durationDays>3</durationDays>
		</value>
	</Operation>
	<Operation Class="PatchOperationReplace">
		<xpath>*/ThoughtDef[defName = "KnowBuriedInSarcophagus"]/stackLimit</xpath>
		<value>
			<stackLimit>1</stackLimit>
		</value>
	</Operation>
	<Operation Class="PatchOperationReplace">
		<xpath>*/ThoughtDef[defName = "KnowBuriedInSarcophagus"]/stages/li[1]/baseMoodEffect</xpath>
		<value>
			<baseMoodEffect>3</baseMoodEffect>
		</value>
	</Operation>

	<!-- SoakingWet -->

	<!-- ButcheredHumanlikeCorpse -->

	<Operation Class="PatchOperationReplace">
		<xpath>*/ThoughtDef[defName = "ButcheredHumanlikeCorpse"]/durationDays</xpath>
		<value>
			<durationDays>7.5</durationDays>
		</value>
	</Operation>
	<Operation Class="PatchOperationReplace">
		<xpath>*/ThoughtDef[defName = "ButcheredHumanlikeCorpse"]/stackLimit</xpath>
		<value>
			<stackLimit>5</stackLimit>
		</value>
	</Operation>
	<Operation Class="PatchOperationReplace">
		<xpath>*/ThoughtDef[defName = "ButcheredHumanlikeCorpse"]/stackedEffectMultiplier</xpath>
		<value>
			<stackedEffectMultiplier>0.5</stackedEffectMultiplier>
		</value>
	</Operation>
	<Operation Class="PatchOperationReplace">
		<xpath>*/ThoughtDef[defName = "ButcheredHumanlikeCorpse"]/stages/li[1]/baseMoodEffect</xpath>
		<value>
			<baseMoodEffect>-10</baseMoodEffect>
		</value>
	</Operation>

	<!-- KnowButcheredHumanlikeCorpse -->

	<Operation Class="PatchOperationReplace">
		<xpath>*/ThoughtDef[defName = "KnowButcheredHumanlikeCorpse"]/durationDays</xpath>
		<value>
			<durationDays>5</durationDays>
		</value>
	</Operation>
	<Operation Class="PatchOperationReplace">
		<xpath>*/ThoughtDef[defName = "KnowButcheredHumanlikeCorpse"]/stages/li[1]/baseMoodEffect</xpath>
		<value>
			<baseMoodEffect>-5</baseMoodEffect>
		</value>
	</Operation>

	<!-- ObservedLayingCorpse -->

	<Operation Class="PatchOperationReplace">
		<xpath>*/ThoughtDef[defName = "ObservedLayingCorpse"]/durationDays</xpath>
		<value>
			<durationDays>0.15</durationDays>
		</value>
	</Operation>
	<Operation Class="PatchOperationReplace">
		<xpath>*/ThoughtDef[defName = "ObservedLayingCorpse"]/stackLimit</xpath>
		<value>
			<stackLimit>4</stackLimit>
		</value>
	</Operation>

	<!-- ObservedLayingRottingCorpse -->

	<Operation Class="PatchOperationReplace">
		<xpath>*/ThoughtDef[defName = "ObservedLayingRottingCorpse"]/durationDays</xpath>
		<value>
			<durationDays>0.15</durationDays>
		</value>
	</Operation>
	<Operation Class="PatchOperationReplace">
		<xpath>*/ThoughtDef[defName = "ObservedLayingRottingCorpse"]/stackLimit</xpath>
		<value>
			<stackLimit>4</stackLimit>
		</value>
	</Operation>
	<Operation Class="PatchOperationReplace">
		<xpath>*/ThoughtDef[defName = "ObservedLayingRottingCorpse"]/stages/li[1]/baseMoodEffect</xpath>
		<value>
			<baseMoodEffect>-8</baseMoodEffect>
		</value>
	</Operation>

	<!-- WitnessedDeathAlly -->

	<Operation Class="PatchOperationAdd">
		<xpath>*/ThoughtDef[defName = "WitnessedDeathAlly"]</xpath>
		<value>
			<stackedEffectMultiplier>0.5</stackedEffectMultiplier>
		</value>
	</Operation>
	<Operation Class="PatchOperationReplace">
		<xpath>*/ThoughtDef[defName = "WitnessedDeathAlly"]/durationDays</xpath>
		<value>
			<durationDays>1</durationDays>
		</value>
	</Operation>
	<Operation Class="PatchOperationReplace">
		<xpath>*/ThoughtDef[defName = "WitnessedDeathAlly"]/stackLimit</xpath>
		<value>
			<stackLimit>3</stackLimit>
		</value>
	</Operation>
	<Operation Class="PatchOperationReplace">
		<xpath>*/ThoughtDef[defName = "WitnessedDeathAlly"]/stages/li[1]/baseMoodEffect</xpath>
		<value>
			<baseMoodEffect>-10</baseMoodEffect>
		</value>
	</Operation>

	<!-- WitnessedDeathNonAlly -->

	<Operation Class="PatchOperationAdd">
		<xpath>*/ThoughtDef[defName = "WitnessedDeathNonAlly"]</xpath>
		<value>
			<stackedEffectMultiplier>0.4</stackedEffectMultiplier>
		</value>
	</Operation>
	<Operation Class="PatchOperationReplace">
		<xpath>*/ThoughtDef[defName = "WitnessedDeathNonAlly"]/stackLimit</xpath>
		<value>
			<stackLimit>3</stackLimit>
		</value>
	</Operation>

	<!-- WitnessedDeathFamily -->

	<Operation Class="PatchOperationAdd">
		<xpath>*/ThoughtDef[defName = "WitnessedDeathFamily"]</xpath>
		<value>
			<stackedEffectMultiplier>0.67</stackedEffectMultiplier>
		</value>
	</Operation>
	<Operation Class="PatchOperationReplace">
		<xpath>*/ThoughtDef[defName = "WitnessedDeathFamily"]/durationDays</xpath>
		<value>
			<durationDays>1</durationDays>
		</value>
	</Operation>
	<Operation Class="PatchOperationReplace">
		<xpath>*/ThoughtDef[defName = "WitnessedDeathFamily"]/stackLimit</xpath>
		<value>
			<stackLimit>3</stackLimit>
		</value>
	</Operation>
	<Operation Class="PatchOperationReplace">
		<xpath>*/ThoughtDef[defName = "WitnessedDeathFamily"]/stages/li[1]/baseMoodEffect</xpath>
		<value>
			<baseMoodEffect>-15</baseMoodEffect>
		</value>
	</Operation>

	<!-- WitnessedDeathBloodlust -->

	<Operation Class="PatchOperationAdd">
		<xpath>*/ThoughtDef[defName = "WitnessedDeathBloodlust"]</xpath>
		<value>
			<stackedEffectMultiplier>0.4</stackedEffectMultiplier>
		</value>
	</Operation>
	<Operation Class="PatchOperationReplace">
		<xpath>*/ThoughtDef[defName = "WitnessedDeathBloodlust"]/durationDays</xpath>
		<value>
			<durationDays>3</durationDays>
		</value>
	</Operation>
	<Operation Class="PatchOperationReplace">
		<xpath>*/ThoughtDef[defName = "WitnessedDeathBloodlust"]/stackLimit</xpath>
		<value>
			<stackLimit>13</stackLimit>
		</value>
	</Operation>
	<Operation Class="PatchOperationReplace">
		<xpath>*/ThoughtDef[defName = "WitnessedDeathBloodlust"]/stages/li[1]/baseMoodEffect</xpath>
		<value>
			<baseMoodEffect>3</baseMoodEffect>
		</value>
	</Operation>

	<!-- KilledHumanlikeBloodlust -->

	<Operation Class="PatchOperationAdd">
		<xpath>*/ThoughtDef[defName = "KilledHumanlikeBloodlust"]</xpath>
		<value>
			<stackedEffectMultiplier>0.2</stackedEffectMultiplier>
		</value>
	</Operation>
	<Operation Class="PatchOperationReplace">
		<xpath>*/ThoughtDef[defName = "KilledHumanlikeBloodlust"]/durationDays</xpath>
		<value>
			<durationDays>3</durationDays>
		</value>
	</Operation>
	<Operation Class="PatchOperationReplace">
		<xpath>*/ThoughtDef[defName = "KilledHumanlikeBloodlust"]/stackLimit</xpath>
		<value>
			<stackLimit>16</stackLimit>
		</value>
	</Operation>
	<Operation Class="PatchOperationReplace">
		<xpath>*/ThoughtDef[defName = "KilledHumanlikeBloodlust"]/stages/li[1]/baseMoodEffect</xpath>
		<value>
			<baseMoodEffect>10</baseMoodEffect>
		</value>
	</Operation>

	<!-- DefeatedHostileFactionLeader -->

	<Operation Class="PatchOperationAdd">
		<xpath>*/ThoughtDef[defName = "DefeatedHostileFactionLeader"]</xpath>
		<value>
			<stackedEffectMultiplier>0.5</stackedEffectMultiplier>
		</value>
	</Operation>
	<Operation Class="PatchOperationReplace">
		<xpath>*/ThoughtDef[defName = "DefeatedHostileFactionLeader"]/durationDays</xpath>
		<value>
			<durationDays>3</durationDays>
		</value>
	</Operation>

	<!-- DefeatedHostileFactionLeaderOpinion -->

	<!-- ColonistBanished -->

	<Operation Class="PatchOperationAdd">
		<xpath>*/ThoughtDef[defName = "ColonistBanished"]</xpath>
		<value>
			<stackedEffectMultiplier>0.5</stackedEffectMultiplier>
		</value>
	</Operation>
	<Operation Class="PatchOperationReplace">
		<xpath>*/ThoughtDef[defName = "ColonistBanished"]/durationDays</xpath>
		<value>
			<durationDays>7.5</durationDays>
		</value>
	</Operation>
	<Operation Class="PatchOperationReplace">
		<xpath>*/ThoughtDef[defName = "ColonistBanished"]/stackLimit</xpath>
		<value>
			<stackLimit>3</stackLimit>
		</value>
	</Operation>
	<Operation Class="PatchOperationReplace">
		<xpath>*/ThoughtDef[defName = "ColonistBanished"]/stages/li[1]/baseMoodEffect</xpath>
		<value>
			<baseMoodEffect>-4</baseMoodEffect>
		</value>
	</Operation>

	<!-- ColonistBanishedToDie -->

	<Operation Class="PatchOperationAdd">
		<xpath>*/ThoughtDef[defName = "ColonistBanishedToDie"]</xpath>
		<value>
			<stackedEffectMultiplier>0.5</stackedEffectMultiplier>
		</value>
	</Operation>
	<Operation Class="PatchOperationReplace">
		<xpath>*/ThoughtDef[defName = "ColonistBanishedToDie"]/durationDays</xpath>
		<value>
			<durationDays>7.5</durationDays>
		</value>
	</Operation>
	<Operation Class="PatchOperationReplace">
		<xpath>*/ThoughtDef[defName = "ColonistBanishedToDie"]/stackLimit</xpath>
		<value>
			<stackLimit>3</stackLimit>
		</value>
	</Operation>
	<Operation Class="PatchOperationReplace">
		<xpath>*/ThoughtDef[defName = "ColonistBanishedToDie"]/stages/li[1]/baseMoodEffect</xpath>
		<value>
			<baseMoodEffect>-8</baseMoodEffect>
		</value>
	</Operation>

	<!-- PrisonerBanishedToDie -->
	<Operation Class="PatchOperationReplace">
		<xpath>*/ThoughtDef[defName = "PrisonerBanishedToDie"]/durationDays</xpath>
		<value>
			<durationDays>3</durationDays>
		</value>
	</Operation>
	<Operation Class="PatchOperationReplace">
		<xpath>*/ThoughtDef[defName = "PrisonerBanishedToDie"]/stages/li[1]/baseMoodEffect</xpath>
		<value>
			<baseMoodEffect>-1</baseMoodEffect>
		</value>
	</Operation>

	<!-- BondedAnimalBanished -->

	<Operation Class="PatchOperationAdd">
		<xpath>*/ThoughtDef[defName = "BondedAnimalBanished"]</xpath>
		<value>
			<stackedEffectMultiplier>0.5</stackedEffectMultiplier>
		</value>
	</Operation>
	<Operation Class="PatchOperationReplace">
		<xpath>*/ThoughtDef[defName = "BondedAnimalBanished"]/durationDays</xpath>
		<value>
			<durationDays>7.5</durationDays>
		</value>
	</Operation>
	<Operation Class="PatchOperationReplace">
		<xpath>*/ThoughtDef[defName = "BondedAnimalBanished"]/stages/li[1]/baseMoodEffect</xpath>
		<value>
			<baseMoodEffect>-5</baseMoodEffect>
		</value>
	</Operation>

	<!-- FailedToRescueRelative -->

	<Operation Class="PatchOperationReplace">
		<xpath>*/ThoughtDef[defName = "FailedToRescueRelative"]/durationDays</xpath>
		<value>
			<durationDays>15</durationDays>
		</value>
	</Operation>
	<Operation Class="PatchOperationReplace">
		<xpath>*/ThoughtDef[defName = "FailedToRescueRelative"]/stackLimit</xpath>
		<value>
			<stackLimit>3</stackLimit>
		</value>
	</Operation>
	<Operation Class="PatchOperationReplace">
		<xpath>*/ThoughtDef[defName = "FailedToRescueRelative"]/stages/li[1]/baseMoodEffect</xpath>
		<value>
			<baseMoodEffect>-20</baseMoodEffect>
		</value>
	</Operation>

	<!-- RescuedRelative -->

	<Operation Class="PatchOperationReplace">
		<xpath>*/ThoughtDef[defName = "RescuedRelative"]/durationDays</xpath>
		<value>
			<durationDays>15</durationDays>
		</value>
	</Operation>
	<Operation Class="PatchOperationReplace">
		<xpath>*/ThoughtDef[defName = "RescuedRelative"]/stackLimit</xpath>
		<value>
			<stackLimit>3</stackLimit>
		</value>
	</Operation>
	<Operation Class="PatchOperationReplace">
		<xpath>*/ThoughtDef[defName = "RescuedRelative"]/stages/li[1]/baseMoodEffect</xpath>
		<value>
			<baseMoodEffect>10</baseMoodEffect>
		</value>
	</Operation>

	<!-- Rescued -->

	<Operation Class="PatchOperationReplace">
		<xpath>*/ThoughtDef[defName = "Rescued"]/durationDays</xpath>
		<value>
			<durationDays>15</durationDays>
		</value>
	</Operation>
	<Operation Class="PatchOperationReplace">
		<xpath>*/ThoughtDef[defName = "Rescued"]/stackLimit</xpath>
		<value>
			<stackLimit>3</stackLimit>
		</value>
	</Operation>
	<Operation Class="PatchOperationReplace">
		<xpath>*/ThoughtDef[defName = "Rescued"]/stages/li[1]/baseMoodEffect</xpath>
		<value>
			<baseMoodEffect>10</baseMoodEffect>
		</value>
	</Operation>
	
</Patch>
