<Patch>

	<!-- NeedFood -->
	
	<Operation Class="PatchOperationReplace">
		<xpath>*/ThoughtDef[defName = "NeedFood"]/stages/li[1]/baseMoodEffect</xpath>
		<value>
			<baseMoodEffect>-5</baseMoodEffect>
		</value>
	</Operation>
	<Operation Class="PatchOperationReplace">
		<xpath>*/ThoughtDef[defName = "NeedFood"]/stages/li[2]/baseMoodEffect</xpath>
		<value>
			<baseMoodEffect>-15</baseMoodEffect>
		</value>
	</Operation>
	<Operation Class="PatchOperationReplace">
		<xpath>*/ThoughtDef[defName = "NeedFood"]/stages/li[4]/baseMoodEffect</xpath>
		<value>
			<baseMoodEffect>-25</baseMoodEffect>
		</value>
	</Operation>
	<Operation Class="PatchOperationReplace">
		<xpath>*/ThoughtDef[defName = "NeedFood"]/stages/li[5]/baseMoodEffect</xpath>
		<value>
			<baseMoodEffect>-30</baseMoodEffect>
		</value>
	</Operation>
	<Operation Class="PatchOperationReplace">
		<xpath>*/ThoughtDef[defName = "NeedFood"]/stages/li[6]/baseMoodEffect</xpath>
		<value>
			<baseMoodEffect>-40</baseMoodEffect>
		</value>
	</Operation>
	<Operation Class="PatchOperationReplace">
		<xpath>*/ThoughtDef[defName = "NeedFood"]/stages/li[7]/baseMoodEffect</xpath>
		<value>
			<baseMoodEffect>-50</baseMoodEffect>
		</value>
	</Operation>

	<!-- NeedRest -->

	<Operation Class="PatchOperationReplace">
		<xpath>*/ThoughtDef[defName = "NeedRest"]/stages/li[1]/baseMoodEffect</xpath>
		<value>
			<baseMoodEffect>-5</baseMoodEffect>
		</value>
	</Operation>
	<Operation Class="PatchOperationReplace">
		<xpath>*/ThoughtDef[defName = "NeedRest"]/stages/li[2]/baseMoodEffect</xpath>
		<value>
			<baseMoodEffect>-10</baseMoodEffect>
		</value>
	</Operation>
	<Operation Class="PatchOperationReplace">
		<xpath>*/ThoughtDef[defName = "NeedRest"]/stages/li[3]/baseMoodEffect</xpath>
		<value>
			<baseMoodEffect>-15</baseMoodEffect>
		</value>
	</Operation>

	<!-- NeedJoy -->

	<!-- NeedComfort -->

	<Operation Class="PatchOperationReplace">
		<xpath>*/ThoughtDef[defName = "NeedComfort"]/stages/li[2]/baseMoodEffect</xpath>
		<value>
			<baseMoodEffect>3</baseMoodEffect>
		</value>
	</Operation>
	<Operation Class="PatchOperationReplace">
		<xpath>*/ThoughtDef[defName = "NeedComfort"]/stages/li[3]/baseMoodEffect</xpath>
		<value>
			<baseMoodEffect>5</baseMoodEffect>
		</value>
	</Operation>

	<!-- NeedBeauty -->

	<Operation Class="PatchOperationReplace">
		<xpath>*/ThoughtDef[defName = "NeedBeauty"]/stages/li[1]/baseMoodEffect</xpath>
		<value>
			<baseMoodEffect>-10</baseMoodEffect>
		</value>
	</Operation>
	<Operation Class="PatchOperationReplace">
		<xpath>*/ThoughtDef[defName = "NeedBeauty"]/stages/li[2]/baseMoodEffect</xpath>
		<value>
			<baseMoodEffect>-8</baseMoodEffect>
		</value>
	</Operation>
	<Operation Class="PatchOperationReplace">
		<xpath>*/ThoughtDef[defName = "NeedBeauty"]/stages/li[5]/baseMoodEffect</xpath>
		<value>
			<baseMoodEffect>8</baseMoodEffect>
		</value>
	</Operation>
	<Operation Class="PatchOperationReplace">
		<xpath>*/ThoughtDef[defName = "NeedBeauty"]/stages/li[6]/baseMoodEffect</xpath>
		<value>
			<baseMoodEffect>10</baseMoodEffect>
		</value>
	</Operation>

	<!-- NeedRoomSize -->

	<Operation Class="PatchOperationReplace">
		<xpath>*/ThoughtDef[defName = "NeedRoomSize"]/stages/li[1]/baseMoodEffect</xpath>
		<value>
			<baseMoodEffect>-3</baseMoodEffect>
		</value>
	</Operation>
	<Operation Class="PatchOperationReplace">
		<xpath>*/ThoughtDef[defName = "NeedRoomSize"]/stages/li[2]/baseMoodEffect</xpath>
		<value>
			<baseMoodEffect>-1</baseMoodEffect>
		</value>
	</Operation>
	<Operation Class="PatchOperationReplace">
		<xpath>*/ThoughtDef[defName = "NeedRoomSize"]/stages/li[3]/baseMoodEffect</xpath>
		<value>
			<baseMoodEffect>3</baseMoodEffect>
		</value>
	</Operation>

	<!-- NeedOutdoors -->

</Patch>
