<Patch>

	<!-- Chitchat -->
	
	<Operation Class="PatchOperationReplace">
		<xpath>*/ThoughtDef[defName = "Chitchat"]/stages/li[1]/baseOpinionOffset</xpath>
		<value>
			<baseOpinionOffset>1</baseOpinionOffset>
		</value>
	</Operation>

	<!-- DeepTalk -->

	<Operation Class="PatchOperationReplace">
		<xpath>*/ThoughtDef[defName = "DeepTalk"]/stackedEffectMultiplier</xpath>
		<value>
			<stackedEffectMultiplier>0.95</stackedEffectMultiplier>
		</value>
	</Operation>
	<Operation Class="PatchOperationReplace">
		<xpath>*/ThoughtDef[defName = "DeepTalk"]/stages/li[1]/baseOpinionOffset</xpath>
		<value>
			<baseOpinionOffset>3</baseOpinionOffset>
		</value>
	</Operation>

	<!-- Slighted -->

	<Operation Class="PatchOperationReplace">
		<xpath>*/ThoughtDef[defName = "Slighted"]/stackedEffectMultiplier</xpath>
		<value>
			<stackedEffectMultiplier>0.95</stackedEffectMultiplier>
		</value>
	</Operation>

	<!-- Insulted -->

	<Operation Class="PatchOperationReplace">
		<xpath>*/ThoughtDef[defName = "Insulted"]/stackedEffectMultiplier</xpath>
		<value>
			<stackedEffectMultiplier>0.95</stackedEffectMultiplier>
		</value>
	</Operation>

	<!-- InsultedMood -->

	<Operation Class="PatchOperationReplace">
		<xpath>*/ThoughtDef[defName = "InsultedMood"]/durationDays</xpath>
		<value>
			<durationDays>1.5</durationDays>
		</value>
	</Operation>
	<Operation Class="PatchOperationReplace">
		<xpath>*/ThoughtDef[defName = "InsultedMood"]/stackLimit</xpath>
		<value>
			<stackLimit>3</stackLimit>
		</value>
	</Operation>
	<Operation Class="PatchOperationReplace">
		<xpath>*/ThoughtDef[defName = "InsultedMood"]/stages/li[1]/baseMoodEffect</xpath>
		<value>
			<baseMoodEffect>-1</baseMoodEffect>
		</value>
	</Operation>

	<!-- KindWords -->

	<Operation Class="PatchOperationReplace">
		<xpath>*/ThoughtDef[defName = "KindWords"]/stackedEffectMultiplier</xpath>
		<value>
			<stackedEffectMultiplier>0.88</stackedEffectMultiplier>
		</value>
	</Operation>

	<!-- KindWordsMood -->

	<Operation Class="PatchOperationReplace">
		<xpath>*/ThoughtDef[defName = "KindWordsMood"]/durationDays</xpath>
		<value>
			<durationDays>1.5</durationDays>
		</value>
	</Operation>
	<Operation Class="PatchOperationReplace">
		<xpath>*/ThoughtDef[defName = "KindWordsMood"]/stackLimit</xpath>
		<value>
			<stackLimit>3</stackLimit>
		</value>
	</Operation>

	<!-- RapportBuilt -->

	<Operation Class="PatchOperationReplace">
		<xpath>*/ThoughtDef[defName = "RapportBuilt"]/durationDays</xpath>
		<value>
			<durationDays>10</durationDays>
		</value>
	</Operation>

	<!-- HadAngeringFight -->

	<Operation Class="PatchOperationReplace">
		<xpath>*/ThoughtDef[defName = "HadAngeringFight"]/stackedEffectMultiplier</xpath>
		<value>
			<stackedEffectMultiplier>0.8</stackedEffectMultiplier>
		</value>
	</Operation>
	<Operation Class="PatchOperationReplace">
		<xpath>*/ThoughtDef[defName = "HadAngeringFight"]/stages/li[1]/baseOpinionOffset</xpath>
		<value>
			<baseOpinionOffset>-20</baseOpinionOffset>
		</value>
	</Operation>

	<!-- HadCatharticFight -->

	<Operation Class="PatchOperationReplace">
		<xpath>*/ThoughtDef[defName = "HadCatharticFight"]/stackedEffectMultiplier</xpath>
		<value>
			<stackedEffectMultiplier>0.6</stackedEffectMultiplier>
		</value>
	</Operation>
	<Operation Class="PatchOperationReplace">
		<xpath>*/ThoughtDef[defName = "HadCatharticFight"]/stages/li[1]/baseOpinionOffset</xpath>
		<value>
			<baseOpinionOffset>30</baseOpinionOffset>
		</value>
	</Operation>

	<!-- HarmedMe -->

	<!-- BotchedMySurgery -->

	<Operation Class="PatchOperationReplace">
		<xpath>*/ThoughtDef[defName = "BotchedMySurgery"]/durationDays</xpath>
		<value>
			<durationDays>80</durationDays>
		</value>
	</Operation>
	<Operation Class="PatchOperationReplace">
		<xpath>*/ThoughtDef[defName = "BotchedMySurgery"]/stackedEffectMultiplier</xpath>
		<value>
			<stackedEffectMultiplier>0.85</stackedEffectMultiplier>
		</value>
	</Operation>

	<!-- RescuedMe -->

	<Operation Class="PatchOperationReplace">
		<xpath>*/ThoughtDef[defName = "RescuedMe"]/durationDays</xpath>
		<value>
			<durationDays>20</durationDays>
		</value>
	</Operation>
	<Operation Class="PatchOperationReplace">
		<xpath>*/ThoughtDef[defName = "RescuedMe"]/stackedEffectMultiplier</xpath>
		<value>
			<stackedEffectMultiplier>0.6</stackedEffectMultiplier>
		</value>
	</Operation>
	<Operation Class="PatchOperationReplace">
		<xpath>*/ThoughtDef[defName = "RescuedMe"]/stages/li[1]/baseOpinionOffset</xpath>
		<value>
			<baseOpinionOffset>20</baseOpinionOffset>
		</value>
	</Operation>

	<!-- RecruitedMe -->

	<Operation Class="PatchOperationReplace">
		<xpath>*/ThoughtDef[defName = "RecruitedMe"]/durationDays</xpath>
		<value>
			<durationDays>200</durationDays>
		</value>
	</Operation>

	<!-- CrashedTogether -->

	<Operation Class="PatchOperationReplace">
		<xpath>*/ThoughtDef[defName = "CrashedTogether"]/durationDays</xpath>
		<value>
			<durationDays>10</durationDays>
		</value>
	</Operation>
	<Operation Class="PatchOperationReplace">
		<xpath>*/ThoughtDef[defName = "CrashedTogether"]/stackLimit</xpath>
		<value>
			<stackLimit>20</stackLimit>
		</value>
	</Operation>

	<!-- SoldMyLovedOne -->

	<Operation Class="PatchOperationSequence">
		<success>Always</success>
		<operations>
			<li Class="PatchOperationTest">
				<xpath>*/ThoughtDef[defName = "SoldMyLovedOne"]/nullifyingTraits</xpath>
				<success>Invert</success>
			</li>
			<li Class="PatchOperationAdd">
				<xpath>*/ThoughtDef[defName = "SoldMyLovedOne"]</xpath>
				<value>
					<nullifyingTraits/>
				</value>
			</li>
		</operations>
	</Operation>
	<Operation Class="PatchOperationAdd">
		<xpath>*/ThoughtDef[defName = "SoldMyLovedOne"]/nullifyingTraits</xpath>
		<value>
			<li>Psychopath</li>
		</value>
	</Operation>
	<Operation Class="PatchOperationReplace">
		<xpath>*/ThoughtDef[defName = "SoldMyLovedOne"]/durationDays</xpath>
		<value>
			<durationDays>25</durationDays>
		</value>
	</Operation>
	<Operation Class="PatchOperationReplace">
		<xpath>*/ThoughtDef[defName = "SoldMyLovedOne"]/stages/li[1]/baseOpinionOffset</xpath>
		<value>
			<baseOpinionOffset>-50</baseOpinionOffset>
		</value>
	</Operation>
	<Operation Class="PatchOperationReplace">
		<xpath>*/ThoughtDef[defName = "SoldMyLovedOne"]/stages/li[1]/baseMoodEffect</xpath>
		<value>
			<baseMoodEffect>-20</baseMoodEffect>
		</value>
	</Operation>

	<!-- SoldMyBondedAnimal -->

	<Operation Class="PatchOperationReplace">
		<xpath>*/ThoughtDef[defName = "SoldMyBondedAnimal"]/durationDays</xpath>
		<value>
			<durationDays>20</durationDays>
		</value>
	</Operation>
	<Operation Class="PatchOperationReplace">
		<xpath>*/ThoughtDef[defName = "SoldMyBondedAnimal"]/stages/li[1]/baseOpinionOffset</xpath>
		<value>
			<baseOpinionOffset>-30</baseOpinionOffset>
		</value>
	</Operation>
	<Operation Class="PatchOperationReplace">
		<xpath>*/ThoughtDef[defName = "SoldMyBondedAnimal"]/stages/li[1]/baseMoodEffect</xpath>
		<value>
			<baseMoodEffect>-8</baseMoodEffect>
		</value>
	</Operation>

	<!-- ForcedMeToTakeDrugs -->

	<Operation Class="PatchOperationReplace">
		<xpath>*/ThoughtDef[defName = "ForcedMeToTakeDrugs"]/durationDays</xpath>
		<value>
			<durationDays>10</durationDays>
		</value>
	</Operation>
	<Operation Class="PatchOperationReplace">
		<xpath>*/ThoughtDef[defName = "ForcedMeToTakeDrugs"]/stackLimit</xpath>
		<value>
			<stackLimit>5</stackLimit>
		</value>
	</Operation>

	<!-- ForcedMeToTakeDrugsMood -->

	<Operation Class="PatchOperationReplace">
		<xpath>*/ThoughtDef[defName = "ForcedMeToTakeDrugsMood"]/durationDays</xpath>
		<value>
			<durationDays>5</durationDays>
		</value>
	</Operation>
	<Operation Class="PatchOperationReplace">
		<xpath>*/ThoughtDef[defName = "ForcedMeToTakeDrugsMood"]/stages/li[1]/baseMoodEffect</xpath>
		<value>
			<baseMoodEffect>-10</baseMoodEffect>
		</value>
	</Operation>

	<!-- ForcedMeToTakeLuciferium -->

	<Operation Class="PatchOperationReplace">
		<xpath>*/ThoughtDef[defName = "ForcedMeToTakeLuciferium"]/durationDays</xpath>
		<value>
			<durationDays>6</durationDays>
		</value>
	</Operation>

	<!-- ForcedMeToTakeLuciferiumMood -->

	<Operation Class="PatchOperationReplace">
		<xpath>*/ThoughtDef[defName = "ForcedMeToTakeLuciferiumMood"]/durationDays</xpath>
		<value>
			<durationDays>5</durationDays>
		</value>
	</Operation>
	<Operation Class="PatchOperationReplace">
		<xpath>*/ThoughtDef[defName = "ForcedMeToTakeLuciferiumMood"]/stages/li[1]/baseMoodEffect</xpath>
		<value>
			<baseMoodEffect>-10</baseMoodEffect>
		</value>
	</Operation>

	<!-- RebuffedMyRomanceAttempt -->

	<Operation Class="PatchOperationSequence">
		<success>Always</success>
		<operations>
			<li Class="PatchOperationTest">
				<xpath>*/ThoughtDef[defName = "RebuffedMyRomanceAttempt"]/nullifyingTraits</xpath>
				<success>Invert</success>
			</li>
			<li Class="PatchOperationAdd">
				<xpath>*/ThoughtDef[defName = "RebuffedMyRomanceAttempt"]</xpath>
				<value>
					<nullifyingTraits/>
				</value>
			</li>
		</operations>
	</Operation>
	<Operation Class="PatchOperationAdd">
		<xpath>*/ThoughtDef[defName = "RebuffedMyRomanceAttempt"]/nullifyingTraits</xpath>
		<value>
			<li>Psychopath</li>
		</value>
	</Operation>
	<Operation Class="PatchOperationReplace">
		<xpath>*/ThoughtDef[defName = "RebuffedMyRomanceAttempt"]/stackedEffectMultiplier</xpath>
		<value>
			<stackedEffectMultiplier>0.5</stackedEffectMultiplier>
		</value>
	</Operation>

	<!-- RebuffedMyRomanceAttemptMood -->

	<Operation Class="PatchOperationSequence">
		<success>Always</success>
		<operations>
			<li Class="PatchOperationTest">
				<xpath>*/ThoughtDef[defName = "RebuffedMyRomanceAttemptMood"]/nullifyingTraits</xpath>
				<success>Invert</success>
			</li>
			<li Class="PatchOperationAdd">
				<xpath>*/ThoughtDef[defName = "RebuffedMyRomanceAttemptMood"]</xpath>
				<value>
					<nullifyingTraits/>
				</value>
			</li>
		</operations>
	</Operation>
	<Operation Class="PatchOperationAdd">
		<xpath>*/ThoughtDef[defName = "RebuffedMyRomanceAttemptMood"]/nullifyingTraits</xpath>
		<value>
			<li>Psychopath</li>
		</value>
	</Operation>
	<Operation Class="PatchOperationReplace">
		<xpath>*/ThoughtDef[defName = "RebuffedMyRomanceAttemptMood"]/durationDays</xpath>
		<value>
			<durationDays>5</durationDays>
		</value>
	</Operation>
	<Operation Class="PatchOperationReplace">
		<xpath>*/ThoughtDef[defName = "RebuffedMyRomanceAttemptMood"]/stackLimit</xpath>
		<value>
			<stackLimit>1</stackLimit>
		</value>
	</Operation>
	<Operation Class="PatchOperationReplace">
		<xpath>*/ThoughtDef[defName = "RebuffedMyRomanceAttemptMood"]/stages/li[1]/baseMoodEffect</xpath>
		<value>
			<baseMoodEffect>-1</baseMoodEffect>
		</value>
	</Operation>

	<!-- FailedRomanceAttemptOnMe -->

	<Operation Class="PatchOperationSequence">
		<success>Always</success>
		<operations>
			<li Class="PatchOperationTest">
				<xpath>*/ThoughtDef[defName = "FailedRomanceAttemptOnMe"]/nullifyingTraits</xpath>
				<success>Invert</success>
			</li>
			<li Class="PatchOperationAdd">
				<xpath>*/ThoughtDef[defName = "FailedRomanceAttemptOnMe"]</xpath>
				<value>
					<nullifyingTraits/>
				</value>
			</li>
		</operations>
	</Operation>
	<Operation Class="PatchOperationAdd">
		<xpath>*/ThoughtDef[defName = "FailedRomanceAttemptOnMe"]/nullifyingTraits</xpath>
		<value>
			<li>Psychopath</li>
		</value>
	</Operation>
	<Operation Class="PatchOperationReplace">
		<xpath>*/ThoughtDef[defName = "FailedRomanceAttemptOnMe"]/stackedEffectMultiplier</xpath>
		<value>
			<stackedEffectMultiplier>0.5</stackedEffectMultiplier>
		</value>
	</Operation>
	<Operation Class="PatchOperationReplace">
		<xpath>*/ThoughtDef[defName = "FailedRomanceAttemptOnMe"]/stages/li[1]/baseOpinionOffset</xpath>
		<value>
			<baseOpinionOffset>-5</baseOpinionOffset>
		</value>
	</Operation>

	<!-- FailedRomanceAttemptOnMeLowOpinionMood -->

	<Operation Class="PatchOperationSequence">
		<success>Always</success>
		<operations>
			<li Class="PatchOperationTest">
				<xpath>*/ThoughtDef[defName = "FailedRomanceAttemptOnMeLowOpinionMood"]/nullifyingTraits</xpath>
				<success>Invert</success>
			</li>
			<li Class="PatchOperationAdd">
				<xpath>*/ThoughtDef[defName = "FailedRomanceAttemptOnMeLowOpinionMood"]</xpath>
				<value>
					<nullifyingTraits/>
				</value>
			</li>
		</operations>
	</Operation>
	<Operation Class="PatchOperationAdd">
		<xpath>*/ThoughtDef[defName = "FailedRomanceAttemptOnMeLowOpinionMood"]/nullifyingTraits</xpath>
		<value>
			<li>Psychopath</li>
		</value>
	</Operation>
	<Operation Class="PatchOperationReplace">
		<xpath>*/ThoughtDef[defName = "FailedRomanceAttemptOnMeLowOpinionMood"]/durationDays</xpath>
		<value>
			<durationDays>1</durationDays>
		</value>
	</Operation>
	<Operation Class="PatchOperationReplace">
		<xpath>*/ThoughtDef[defName = "FailedRomanceAttemptOnMeLowOpinionMood"]/stackLimit</xpath>
		<value>
			<stackLimit>1</stackLimit>
		</value>
	</Operation>
	<Operation Class="PatchOperationReplace">
		<xpath>*/ThoughtDef[defName = "FailedRomanceAttemptOnMeLowOpinionMood"]/stages/li[1]/baseMoodEffect</xpath>
		<value>
			<baseMoodEffect>-2</baseMoodEffect>
		</value>
	</Operation>

	<!-- BrokeUpWithMe -->

	<Operation Class="PatchOperationSequence">
		<success>Always</success>
		<operations>
			<li Class="PatchOperationTest">
				<xpath>*/ThoughtDef[defName = "BrokeUpWithMe"]/nullifyingTraits</xpath>
				<success>Invert</success>
			</li>
			<li Class="PatchOperationAdd">
				<xpath>*/ThoughtDef[defName = "BrokeUpWithMe"]</xpath>
				<value>
					<nullifyingTraits/>
				</value>
			</li>
		</operations>
	</Operation>
	<Operation Class="PatchOperationAdd">
		<xpath>*/ThoughtDef[defName = "BrokeUpWithMe"]/nullifyingTraits</xpath>
		<value>
			<li>Psychopath</li>
		</value>
	</Operation>
	<Operation Class="PatchOperationReplace">
		<xpath>*/ThoughtDef[defName = "BrokeUpWithMe"]/durationDays</xpath>
		<value>
			<durationDays>30</durationDays>
		</value>
	</Operation>
	<Operation Class="PatchOperationReplace">
		<xpath>*/ThoughtDef[defName = "BrokeUpWithMe"]/stages/li[1]/baseOpinionOffset</xpath>
		<value>
			<baseOpinionOffset>-30</baseOpinionOffset>
		</value>
	</Operation>

	<!-- BrokeUpWithMeMood -->

	<Operation Class="PatchOperationSequence">
		<success>Always</success>
		<operations>
			<li Class="PatchOperationTest">
				<xpath>*/ThoughtDef[defName = "BrokeUpWithMeMood"]/nullifyingTraits</xpath>
				<success>Invert</success>
			</li>
			<li Class="PatchOperationAdd">
				<xpath>*/ThoughtDef[defName = "BrokeUpWithMeMood"]</xpath>
				<value>
					<nullifyingTraits/>
				</value>
			</li>
		</operations>
	</Operation>
	<Operation Class="PatchOperationAdd">
		<xpath>*/ThoughtDef[defName = "BrokeUpWithMeMood"]/nullifyingTraits</xpath>
		<value>
			<li>Psychopath</li>
		</value>
	</Operation>
	<Operation Class="PatchOperationReplace">
		<xpath>*/ThoughtDef[defName = "BrokeUpWithMeMood"]/durationDays</xpath>
		<value>
			<durationDays>5</durationDays>
		</value>
	</Operation>
	<Operation Class="PatchOperationReplace">
		<xpath>*/ThoughtDef[defName = "BrokeUpWithMeMood"]/stackLimit</xpath>
		<value>
			<stackLimit>1</stackLimit>
		</value>
	</Operation>
	<Operation Class="PatchOperationReplace">
		<xpath>*/ThoughtDef[defName = "BrokeUpWithMeMood"]/stages/li[1]/baseMoodEffect</xpath>
		<value>
			<baseMoodEffect>-10</baseMoodEffect>
		</value>
	</Operation>

	<!-- CheatedOnMe -->

	<Operation Class="PatchOperationSequence">
		<success>Always</success>
		<operations>
			<li Class="PatchOperationTest">
				<xpath>*/ThoughtDef[defName = "CheatedOnMe"]/nullifyingTraits</xpath>
				<success>Invert</success>
			</li>
			<li Class="PatchOperationAdd">
				<xpath>*/ThoughtDef[defName = "CheatedOnMe"]</xpath>
				<value>
					<nullifyingTraits/>
				</value>
			</li>
		</operations>
	</Operation>
	<Operation Class="PatchOperationAdd">
		<xpath>*/ThoughtDef[defName = "CheatedOnMe"]/nullifyingTraits</xpath>
		<value>
			<li>Psychopath</li>
		</value>
	</Operation>
	<Operation Class="PatchOperationReplace">
		<xpath>*/ThoughtDef[defName = "CheatedOnMe"]/durationDays</xpath>
		<value>
			<durationDays>70</durationDays>
		</value>
	</Operation>
	<Operation Class="PatchOperationReplace">
		<xpath>*/ThoughtDef[defName = "CheatedOnMe"]/stages/li[1]/baseOpinionOffset</xpath>
		<value>
			<baseOpinionOffset>-30</baseOpinionOffset>
		</value>
	</Operation>

	<!-- CheatedOnMeMood -->

	<Operation Class="PatchOperationSequence">
		<success>Always</success>
		<operations>
			<li Class="PatchOperationTest">
				<xpath>*/ThoughtDef[defName = "CheatedOnMeMood"]/nullifyingTraits</xpath>
				<success>Invert</success>
			</li>
			<li Class="PatchOperationAdd">
				<xpath>*/ThoughtDef[defName = "CheatedOnMeMood"]</xpath>
				<value>
					<nullifyingTraits/>
				</value>
			</li>
		</operations>
	</Operation>
	<Operation Class="PatchOperationAdd">
		<xpath>*/ThoughtDef[defName = "CheatedOnMeMood"]/nullifyingTraits</xpath>
		<value>
			<li>Psychopath</li>
		</value>
	</Operation>
	<Operation Class="PatchOperationReplace">
		<xpath>*/ThoughtDef[defName = "CheatedOnMeMood"]/durationDays</xpath>
		<value>
			<durationDays>10</durationDays>
		</value>
	</Operation>
	<Operation Class="PatchOperationReplace">
		<xpath>*/ThoughtDef[defName = "CheatedOnMeMood"]/stackLimit</xpath>
		<value>
			<stackLimit>6</stackLimit>
		</value>
	</Operation>
	<Operation Class="PatchOperationReplace">
		<xpath>*/ThoughtDef[defName = "CheatedOnMeMood"]/stages/li[1]/baseMoodEffect</xpath>
		<value>
			<baseMoodEffect>-10</baseMoodEffect>
		</value>
	</Operation>

	<!-- DivorcedMe -->

	<Operation Class="PatchOperationSequence">
		<success>Always</success>
		<operations>
			<li Class="PatchOperationTest">
				<xpath>*/ThoughtDef[defName = "DivorcedMe"]/nullifyingTraits</xpath>
				<success>Invert</success>
			</li>
			<li Class="PatchOperationAdd">
				<xpath>*/ThoughtDef[defName = "DivorcedMe"]</xpath>
				<value>
					<nullifyingTraits/>
				</value>
			</li>
		</operations>
	</Operation>
	<Operation Class="PatchOperationAdd">
		<xpath>*/ThoughtDef[defName = "DivorcedMe"]/nullifyingTraits</xpath>
		<value>
			<li>Psychopath</li>
		</value>
	</Operation>
	<Operation Class="PatchOperationReplace">
		<xpath>*/ThoughtDef[defName = "DivorcedMe"]/durationDays</xpath>
		<value>
			<durationDays>80</durationDays>
		</value>
	</Operation>
	<Operation Class="PatchOperationReplace">
		<xpath>*/ThoughtDef[defName = "DivorcedMe"]/stages/li[1]/baseOpinionOffset</xpath>
		<value>
			<baseOpinionOffset>-50</baseOpinionOffset>
		</value>
	</Operation>

	<!-- DivorcedMeMood -->

	<Operation Class="PatchOperationSequence">
		<success>Always</success>
		<operations>
			<li Class="PatchOperationTest">
				<xpath>*/ThoughtDef[defName = "DivorcedMeMood"]/nullifyingTraits</xpath>
				<success>Invert</success>
			</li>
			<li Class="PatchOperationAdd">
				<xpath>*/ThoughtDef[defName = "DivorcedMeMood"]</xpath>
				<value>
					<nullifyingTraits/>
				</value>
			</li>
		</operations>
	</Operation>
	<Operation Class="PatchOperationAdd">
		<xpath>*/ThoughtDef[defName = "DivorcedMeMood"]/nullifyingTraits</xpath>
		<value>
			<li>Psychopath</li>
		</value>
	</Operation>
	<Operation Class="PatchOperationReplace">
		<xpath>*/ThoughtDef[defName = "DivorcedMeMood"]/durationDays</xpath>
		<value>
			<durationDays>20</durationDays>
		</value>
	</Operation>
	<Operation Class="PatchOperationReplace">
		<xpath>*/ThoughtDef[defName = "DivorcedMeMood"]/stackLimit</xpath>
		<value>
			<stackLimit>1</stackLimit>
		</value>
	</Operation>

	<!-- RejectedMyProposal -->

	<Operation Class="PatchOperationSequence">
		<success>Always</success>
		<operations>
			<li Class="PatchOperationTest">
				<xpath>*/ThoughtDef[defName = "RejectedMyProposal"]/nullifyingTraits</xpath>
				<success>Invert</success>
			</li>
			<li Class="PatchOperationAdd">
				<xpath>*/ThoughtDef[defName = "RejectedMyProposal"]</xpath>
				<value>
					<nullifyingTraits/>
				</value>
			</li>
		</operations>
	</Operation>
	<Operation Class="PatchOperationAdd">
		<xpath>*/ThoughtDef[defName = "RejectedMyProposal"]/nullifyingTraits</xpath>
		<value>
			<li>Psychopath</li>
		</value>
	</Operation>
	<Operation Class="PatchOperationReplace">
		<xpath>*/ThoughtDef[defName = "RejectedMyProposal"]/durationDays</xpath>
		<value>
			<durationDays>30</durationDays>
		</value>
	</Operation>
	<Operation Class="PatchOperationReplace">
		<xpath>*/ThoughtDef[defName = "RejectedMyProposal"]/stackedEffectMultiplier</xpath>
		<value>
			<stackedEffectMultiplier>0.95</stackedEffectMultiplier>
		</value>
	</Operation>

	<!-- RejectedMyProposalMood -->

	<Operation Class="PatchOperationSequence">
		<success>Always</success>
		<operations>
			<li Class="PatchOperationTest">
				<xpath>*/ThoughtDef[defName = "RejectedMyProposalMood"]/nullifyingTraits</xpath>
				<success>Invert</success>
			</li>
			<li Class="PatchOperationAdd">
				<xpath>*/ThoughtDef[defName = "RejectedMyProposalMood"]</xpath>
				<value>
					<nullifyingTraits/>
				</value>
			</li>
		</operations>
	</Operation>
	<Operation Class="PatchOperationAdd">
		<xpath>*/ThoughtDef[defName = "RejectedMyProposalMood"]/nullifyingTraits</xpath>
		<value>
			<li>Psychopath</li>
		</value>
	</Operation>
	<Operation Class="PatchOperationReplace">
		<xpath>*/ThoughtDef[defName = "RejectedMyProposalMood"]/durationDays</xpath>
		<value>
			<durationDays>10</durationDays>
		</value>
	</Operation>
	<Operation Class="PatchOperationReplace">
		<xpath>*/ThoughtDef[defName = "RejectedMyProposalMood"]/stackedEffectMultiplier</xpath>
		<value>
			<stackedEffectMultiplier>0.95</stackedEffectMultiplier>
		</value>
	</Operation>
	<Operation Class="PatchOperationReplace">
		<xpath>*/ThoughtDef[defName = "RejectedMyProposalMood"]/stages/li[1]/baseMoodEffect</xpath>
		<value>
			<baseMoodEffect>-20</baseMoodEffect>
		</value>
	</Operation>

	<!-- IRejectedTheirProposal -->

	<Operation Class="PatchOperationSequence">
		<success>Always</success>
		<operations>
			<li Class="PatchOperationTest">
				<xpath>*/ThoughtDef[defName = "IRejectedTheirProposal"]/nullifyingTraits</xpath>
				<success>Invert</success>
			</li>
			<li Class="PatchOperationAdd">
				<xpath>*/ThoughtDef[defName = "IRejectedTheirProposal"]</xpath>
				<value>
					<nullifyingTraits/>
				</value>
			</li>
		</operations>
	</Operation>
	<Operation Class="PatchOperationAdd">
		<xpath>*/ThoughtDef[defName = "IRejectedTheirProposal"]/nullifyingTraits</xpath>
		<value>
			<li>Psychopath</li>
		</value>
	</Operation>
	<Operation Class="PatchOperationReplace">
		<xpath>*/ThoughtDef[defName = "IRejectedTheirProposal"]/durationDays</xpath>
		<value>
			<durationDays>30</durationDays>
		</value>
	</Operation>
	<Operation Class="PatchOperationReplace">
		<xpath>*/ThoughtDef[defName = "IRejectedTheirProposal"]/stackedEffectMultiplier</xpath>
		<value>
			<stackedEffectMultiplier>0.95</stackedEffectMultiplier>
		</value>
	</Operation>
	<Operation Class="PatchOperationReplace">
		<xpath>*/ThoughtDef[defName = "IRejectedTheirProposal"]/stages/li[1]/baseOpinionOffset</xpath>
		<value>
			<baseOpinionOffset>-10</baseOpinionOffset>
		</value>
	</Operation>

	<!-- HoneymoonPhase -->

	<Operation Class="PatchOperationSequence">
		<success>Always</success>
		<operations>
			<li Class="PatchOperationTest">
				<xpath>*/ThoughtDef[defName = "HoneymoonPhase"]/nullifyingTraits</xpath>
				<success>Invert</success>
			</li>
			<li Class="PatchOperationAdd">
				<xpath>*/ThoughtDef[defName = "HoneymoonPhase"]</xpath>
				<value>
					<nullifyingTraits/>
				</value>
			</li>
		</operations>
	</Operation>
	<Operation Class="PatchOperationAdd">
		<xpath>*/ThoughtDef[defName = "HoneymoonPhase"]/nullifyingTraits</xpath>
		<value>
			<li>Psychopath</li>
		</value>
	</Operation>
	<Operation Class="PatchOperationSequence">
		<success>Always</success>
		<operations>
			<li Class="PatchOperationTest">
				<xpath>*/ThoughtDef[defName = "HoneymoonPhase"]/stages/li[1]/baseMoodEffect</xpath>
				<success>Invert</success>
			</li>
			<li Class="PatchOperationAdd">
				<xpath>*/ThoughtDef[defName = "HoneymoonPhase"]/stages/li[1]</xpath>
				<value>
					<baseMoodEffect/>
				</value>
			</li>
		</operations>
	</Operation>
	<Operation Class="PatchOperationReplace">
		<xpath>*/ThoughtDef[defName = "HoneymoonPhase"]/stages/li[1]/baseMoodEffect</xpath>
		<value>
			<baseMoodEffect>15</baseMoodEffect>
		</value>
	</Operation>
	<Operation Class="PatchOperationSequence">
		<success>Always</success>
		<operations>
			<li Class="PatchOperationTest">
				<xpath>*/ThoughtDef[defName = "HoneymoonPhase"]/stages/li[1]/description</xpath>
				<success>Invert</success>
			</li>
			<li Class="PatchOperationAdd">
				<xpath>*/ThoughtDef[defName = "HoneymoonPhase"]/stages/li[1]</xpath>
				<value>
					<description/>
				</value>
			</li>
		</operations>
	</Operation>
	<Operation Class="PatchOperationReplace">
		<xpath>*/ThoughtDef[defName = "HoneymoonPhase"]/stages/li[1]/description</xpath>
		<value>
			<description>I've married the love of my life! This is the happiest I've ever been!</description>
		</value>
	</Operation>
		
	<!-- GotSomeLovin -->

	<Operation Class="PatchOperationReplace">
		<xpath>*/ThoughtDef[defName = "GotSomeLovin"]/durationDays</xpath>
		<value>
			<durationDays>1</durationDays>
		</value>
	</Operation>
	<Operation Class="PatchOperationReplace">
		<xpath>*/ThoughtDef[defName = "GotSomeLovin"]/stackLimit</xpath>
		<value>
			<stackLimit>3</stackLimit>
		</value>
	</Operation>
	<Operation Class="PatchOperationReplace">
		<xpath>*/ThoughtDef[defName = "GotSomeLovin"]/stackedEffectMultiplier</xpath>
		<value>
			<stackedEffectMultiplier>0.2</stackedEffectMultiplier>
		</value>
	</Operation>
	<Operation Class="PatchOperationReplace">
		<xpath>*/ThoughtDef[defName = "GotSomeLovin"]/stages/li[1]/baseMoodEffect</xpath>
		<value>
			<baseMoodEffect>10</baseMoodEffect>
		</value>
	</Operation>
	<Operation Class="PatchOperationReplace">
		<xpath>*/ThoughtDef[defName = "GotSomeLovin"]/stages/li[1]/baseOpinionOffset</xpath>
		<value>
			<baseOpinionOffset>10</baseOpinionOffset>
		</value>
	</Operation>

	<!-- KilledMyFriend -->

	<Operation Class="PatchOperationSequence">
		<success>Always</success>
		<operations>
			<li Class="PatchOperationTest">
				<xpath>*/ThoughtDef[defName = "KilledMyFriend"]/nullifyingTraits</xpath>
				<success>Invert</success>
			</li>
			<li Class="PatchOperationAdd">
				<xpath>*/ThoughtDef[defName = "KilledMyFriend"]</xpath>
				<value>
					<nullifyingTraits/>
				</value>
			</li>
		</operations>
	</Operation>
	<Operation Class="PatchOperationAdd">
		<xpath>*/ThoughtDef[defName = "KilledMyFriend"]/nullifyingTraits</xpath>
		<value>
			<li>Psychopath</li>
		</value>
	</Operation>
	<Operation Class="PatchOperationReplace">
		<xpath>*/ThoughtDef[defName = "KilledMyFriend"]/durationDays</xpath>
		<value>
			<durationDays>80</durationDays>
		</value>
	</Operation>
	<Operation Class="PatchOperationReplace">
		<xpath>*/ThoughtDef[defName = "KilledMyFriend"]/stages/li[1]/baseOpinionOffset</xpath>
		<value>
			<baseOpinionOffset>-50</baseOpinionOffset>
		</value>
	</Operation>

	<!-- KilledMyRival -->

	<Operation Class="PatchOperationSequence">
		<success>Always</success>
		<operations>
			<li Class="PatchOperationTest">
				<xpath>*/ThoughtDef[defName = "KilledMyRival"]/nullifyingTraits</xpath>
				<success>Invert</success>
			</li>
			<li Class="PatchOperationAdd">
				<xpath>*/ThoughtDef[defName = "KilledMyRival"]</xpath>
				<value>
					<nullifyingTraits/>
				</value>
			</li>
		</operations>
	</Operation>
	<Operation Class="PatchOperationAdd">
		<xpath>*/ThoughtDef[defName = "KilledMyRival"]/nullifyingTraits</xpath>
		<value>
			<li>Psychopath</li>
		</value>
	</Operation>
	<Operation Class="PatchOperationReplace">
		<xpath>*/ThoughtDef[defName = "KilledMyRival"]/durationDays</xpath>
		<value>
			<durationDays>80</durationDays>
		</value>
	</Operation>

	<!-- KilledMyLover -->

	<Operation Class="PatchOperationSequence">
		<success>Always</success>
		<operations>
			<li Class="PatchOperationTest">
				<xpath>*/ThoughtDef[defName = "KilledMyLover"]/nullifyingTraits</xpath>
				<success>Invert</success>
			</li>
			<li Class="PatchOperationAdd">
				<xpath>*/ThoughtDef[defName = "KilledMyLover"]</xpath>
				<value>
					<nullifyingTraits/>
				</value>
			</li>
		</operations>
	</Operation>
	<Operation Class="PatchOperationAdd">
		<xpath>*/ThoughtDef[defName = "KilledMyLover"]/nullifyingTraits</xpath>
		<value>
			<li>Psychopath</li>
		</value>
	</Operation>
	<Operation Class="PatchOperationReplace">
		<xpath>*/ThoughtDef[defName = "KilledMyLover"]/durationDays</xpath>
		<value>
			<durationDays>80</durationDays>
		</value>
	</Operation>
	<Operation Class="PatchOperationReplace">
		<xpath>*/ThoughtDef[defName = "KilledMyLover"]/stages/li[1]/baseOpinionOffset</xpath>
		<value>
			<baseOpinionOffset>-65</baseOpinionOffset>
		</value>
	</Operation>

	<!-- KilledMyFiance -->

	<Operation Class="PatchOperationSequence">
		<success>Always</success>
		<operations>
			<li Class="PatchOperationTest">
				<xpath>*/ThoughtDef[defName = "KilledMyFiance"]/nullifyingTraits</xpath>
				<success>Invert</success>
			</li>
			<li Class="PatchOperationAdd">
				<xpath>*/ThoughtDef[defName = "KilledMyFiance"]</xpath>
				<value>
					<nullifyingTraits/>
				</value>
			</li>
		</operations>
	</Operation>
	<Operation Class="PatchOperationAdd">
		<xpath>*/ThoughtDef[defName = "KilledMyFiance"]/nullifyingTraits</xpath>
		<value>
			<li>Psychopath</li>
		</value>
	</Operation>
	<Operation Class="PatchOperationReplace">
		<xpath>*/ThoughtDef[defName = "KilledMyFiance"]/durationDays</xpath>
		<value>
			<durationDays>80</durationDays>
		</value>
	</Operation>

	<!-- KilledMySpouse -->

	<Operation Class="PatchOperationSequence">
		<success>Always</success>
		<operations>
			<li Class="PatchOperationTest">
				<xpath>*/ThoughtDef[defName = "KilledMySpouse"]/nullifyingTraits</xpath>
				<success>Invert</success>
			</li>
			<li Class="PatchOperationAdd">
				<xpath>*/ThoughtDef[defName = "KilledMySpouse"]</xpath>
				<value>
					<nullifyingTraits/>
				</value>
			</li>
		</operations>
	</Operation>
	<Operation Class="PatchOperationAdd">
		<xpath>*/ThoughtDef[defName = "KilledMySpouse"]/nullifyingTraits</xpath>
		<value>
			<li>Psychopath</li>
		</value>
	</Operation>
	<Operation Class="PatchOperationReplace">
		<xpath>*/ThoughtDef[defName = "KilledMySpouse"]/durationDays</xpath>
		<value>
			<durationDays>80</durationDays>
		</value>
	</Operation>
	<Operation Class="PatchOperationReplace">
		<xpath>*/ThoughtDef[defName = "KilledMySpouse"]/stages/li[1]/baseOpinionOffset</xpath>
		<value>
			<baseOpinionOffset>-50</baseOpinionOffset>
		</value>
	</Operation>

	<!-- KilledMyFather -->

	<Operation Class="PatchOperationSequence">
		<success>Always</success>
		<operations>
			<li Class="PatchOperationTest">
				<xpath>*/ThoughtDef[defName = "KilledMyFather"]/nullifyingTraits</xpath>
				<success>Invert</success>
			</li>
			<li Class="PatchOperationAdd">
				<xpath>*/ThoughtDef[defName = "KilledMyFather"]</xpath>
				<value>
					<nullifyingTraits/>
				</value>
			</li>
		</operations>
	</Operation>
	<Operation Class="PatchOperationAdd">
		<xpath>*/ThoughtDef[defName = "KilledMyFather"]/nullifyingTraits</xpath>
		<value>
			<li>Psychopath</li>
		</value>
	</Operation>
	<Operation Class="PatchOperationReplace">
		<xpath>*/ThoughtDef[defName = "KilledMyFather"]/durationDays</xpath>
		<value>
			<durationDays>80</durationDays>
		</value>
	</Operation>

	<!-- KilledMyMother -->

	<Operation Class="PatchOperationSequence">
		<success>Always</success>
		<operations>
			<li Class="PatchOperationTest">
				<xpath>*/ThoughtDef[defName = "KilledMyMother"]/nullifyingTraits</xpath>
				<success>Invert</success>
			</li>
			<li Class="PatchOperationAdd">
				<xpath>*/ThoughtDef[defName = "KilledMyMother"]</xpath>
				<value>
					<nullifyingTraits/>
				</value>
			</li>
		</operations>
	</Operation>
	<Operation Class="PatchOperationAdd">
		<xpath>*/ThoughtDef[defName = "KilledMyMother"]/nullifyingTraits</xpath>
		<value>
			<li>Psychopath</li>
		</value>
	</Operation>
	<Operation Class="PatchOperationReplace">
		<xpath>*/ThoughtDef[defName = "KilledMyMother"]/durationDays</xpath>
		<value>
			<durationDays>80</durationDays>
		</value>
	</Operation>

	<!-- KilledMySon -->

	<Operation Class="PatchOperationSequence">
		<success>Always</success>
		<operations>
			<li Class="PatchOperationTest">
				<xpath>*/ThoughtDef[defName = "KilledMySon"]/nullifyingTraits</xpath>
				<success>Invert</success>
			</li>
			<li Class="PatchOperationAdd">
				<xpath>*/ThoughtDef[defName = "KilledMySon"]</xpath>
				<value>
					<nullifyingTraits/>
				</value>
			</li>
		</operations>
	</Operation>
	<Operation Class="PatchOperationAdd">
		<xpath>*/ThoughtDef[defName = "KilledMySon"]/nullifyingTraits</xpath>
		<value>
			<li>Psychopath</li>
		</value>
	</Operation>
	<Operation Class="PatchOperationReplace">
		<xpath>*/ThoughtDef[defName = "KilledMySon"]/durationDays</xpath>
		<value>
			<durationDays>80</durationDays>
		</value>
	</Operation>

	<!-- KilledMyDaughter -->

	<Operation Class="PatchOperationSequence">
		<success>Always</success>
		<operations>
			<li Class="PatchOperationTest">
				<xpath>*/ThoughtDef[defName = "KilledMyDaughter"]/nullifyingTraits</xpath>
				<success>Invert</success>
			</li>
			<li Class="PatchOperationAdd">
				<xpath>*/ThoughtDef[defName = "KilledMyDaughter"]</xpath>
				<value>
					<nullifyingTraits/>
				</value>
			</li>
		</operations>
	</Operation>
	<Operation Class="PatchOperationAdd">
		<xpath>*/ThoughtDef[defName = "KilledMyDaughter"]/nullifyingTraits</xpath>
		<value>
			<li>Psychopath</li>
		</value>
	</Operation>
	<Operation Class="PatchOperationReplace">
		<xpath>*/ThoughtDef[defName = "KilledMyDaughter"]/durationDays</xpath>
		<value>
			<durationDays>80</durationDays>
		</value>
	</Operation>

	<!-- KilledMyBrother -->

	<Operation Class="PatchOperationSequence">
		<success>Always</success>
		<operations>
			<li Class="PatchOperationTest">
				<xpath>*/ThoughtDef[defName = "KilledMyBrother"]/nullifyingTraits</xpath>
				<success>Invert</success>
			</li>
			<li Class="PatchOperationAdd">
				<xpath>*/ThoughtDef[defName = "KilledMyBrother"]</xpath>
				<value>
					<nullifyingTraits/>
				</value>
			</li>
		</operations>
	</Operation>
	<Operation Class="PatchOperationAdd">
		<xpath>*/ThoughtDef[defName = "KilledMyBrother"]/nullifyingTraits</xpath>
		<value>
			<li>Psychopath</li>
		</value>
	</Operation>
	<Operation Class="PatchOperationReplace">
		<xpath>*/ThoughtDef[defName = "KilledMyBrother"]/durationDays</xpath>
		<value>
			<durationDays>80</durationDays>
		</value>
	</Operation>

	<!-- KilledMySister -->

	<Operation Class="PatchOperationSequence">
		<success>Always</success>
		<operations>
			<li Class="PatchOperationTest">
				<xpath>*/ThoughtDef[defName = "KilledMySister"]/nullifyingTraits</xpath>
				<success>Invert</success>
			</li>
			<li Class="PatchOperationAdd">
				<xpath>*/ThoughtDef[defName = "KilledMySister"]</xpath>
				<value>
					<nullifyingTraits/>
				</value>
			</li>
		</operations>
	</Operation>
	<Operation Class="PatchOperationAdd">
		<xpath>*/ThoughtDef[defName = "KilledMySister"]/nullifyingTraits</xpath>
		<value>
			<li>Psychopath</li>
		</value>
	</Operation>
	<Operation Class="PatchOperationReplace">
		<xpath>*/ThoughtDef[defName = "KilledMySister"]/durationDays</xpath>
		<value>
			<durationDays>80</durationDays>
		</value>
	</Operation>

	<!-- KilledMyKin -->

	<Operation Class="PatchOperationSequence">
		<success>Always</success>
		<operations>
			<li Class="PatchOperationTest">
				<xpath>*/ThoughtDef[defName = "KilledMyKin"]/nullifyingTraits</xpath>
				<success>Invert</success>
			</li>
			<li Class="PatchOperationAdd">
				<xpath>*/ThoughtDef[defName = "KilledMyKin"]</xpath>
				<value>
					<nullifyingTraits/>
				</value>
			</li>
		</operations>
	</Operation>
	<Operation Class="PatchOperationAdd">
		<xpath>*/ThoughtDef[defName = "KilledMyKin"]/nullifyingTraits</xpath>
		<value>
			<li>Psychopath</li>
		</value>
	</Operation>
	<Operation Class="PatchOperationReplace">
		<xpath>*/ThoughtDef[defName = "KilledMyKin"]/durationDays</xpath>
		<value>
			<durationDays>80</durationDays>
		</value>
	</Operation>
	<Operation Class="PatchOperationReplace">
		<xpath>*/ThoughtDef[defName = "KilledMyKin"]/stages/li[1]/baseOpinionOffset</xpath>
		<value>
			<baseOpinionOffset>-20</baseOpinionOffset>
		</value>
	</Operation>

	<!-- KilledMyBondedAnimal -->
	
	<Operation Class="PatchOperationSequence">
		<success>Always</success>
		<operations>
			<li Class="PatchOperationTest">
				<xpath>*/ThoughtDef[defName = "KilledMyBondedAnimal"]/nullifyingTraits</xpath>
				<success>Invert</success>
			</li>
			<li Class="PatchOperationAdd">
				<xpath>*/ThoughtDef[defName = "KilledMyBondedAnimal"]</xpath>
				<value>
					<nullifyingTraits/>
				</value>
			</li>
		</operations>
	</Operation>
	<Operation Class="PatchOperationAdd">
		<xpath>*/ThoughtDef[defName = "KilledMyBondedAnimal"]/nullifyingTraits</xpath>
		<value>
			<li>Psychopath</li>
		</value>
	</Operation>
	<Operation Class="PatchOperationReplace">
		<xpath>*/ThoughtDef[defName = "KilledMyBondedAnimal"]/durationDays</xpath>
		<value>
			<durationDays>80</durationDays>
		</value>
	</Operation>
	<Operation Class="PatchOperationReplace">
		<xpath>*/ThoughtDef[defName = "KilledMyBondedAnimal"]/stages/li[1]/baseOpinionOffset</xpath>
		<value>
			<baseOpinionOffset>-20</baseOpinionOffset>
		</value>
	</Operation>

</Patch>
