<Patch>

	<!-- Affair -->

	<Operation Class="PatchOperationSequence">
		<success>Always</success>
		<operations>
			<li Class="PatchOperationTest">
				<xpath>*/ThoughtDef[defName = "Affair"]/nullifyingTraits</xpath>
				<success>Invert</success>
			</li>
			<li Class="PatchOperationAdd">
				<xpath>*/ThoughtDef[defName = "Affair"]</xpath>
				<value>
					<nullifyingTraits/>
				</value>
			</li>
		</operations>
	</Operation>
	<Operation Class="PatchOperationAdd">
		<xpath>*/ThoughtDef[defName = "Affair"]/nullifyingTraits</xpath>
		<value>
			<li>Psychopath</li>
		</value>
	</Operation>
	<Operation Class="PatchOperationReplace">
		<xpath>*/ThoughtDef[defName = "Affair"]/stages/li[1]/baseOpinionOffset</xpath>
		<value>
			<baseOpinionOffset>-30</baseOpinionOffset>
		</value>
	</Operation>
	
	<!-- Incestuous -->

	<Operation Class="PatchOperationSequence">
		<success>Always</success>
		<operations>
			<li Class="PatchOperationTest">
				<xpath>*/ThoughtDef[defName = "Incestuous"]/nullifyingTraits</xpath>
				<success>Invert</success>
			</li>
			<li Class="PatchOperationAdd">
				<xpath>*/ThoughtDef[defName = "Incestuous"]</xpath>
				<value>
					<nullifyingTraits/>
				</value>
			</li>
		</operations>
	</Operation>
	<Operation Class="PatchOperationAdd">
		<xpath>*/ThoughtDef[defName = "Incestuous"]/nullifyingTraits</xpath>
		<value>
			<li>Psychopath</li>
		</value>
	</Operation>
	
	<!-- Disfigured -->

	<Operation Class="PatchOperationSequence">
		<success>Always</success>
		<operations>
			<li Class="PatchOperationTest">
				<xpath>*/ThoughtDef[defName = "Disfigured"]/nullifyingTraits</xpath>
				<success>Invert</success>
			</li>
			<li Class="PatchOperationAdd">
				<xpath>*/ThoughtDef[defName = "Disfigured"]</xpath>
				<value>
					<nullifyingTraits/>
				</value>
			</li>
		</operations>
	</Operation>
	<Operation Class="PatchOperationAdd">
		<xpath>*/ThoughtDef[defName = "Disfigured"]/nullifyingTraits</xpath>
		<value>
			<li>Psychopath</li>
		</value>
	</Operation>
	<Operation Class="PatchOperationReplace">
		<xpath>*/ThoughtDef[defName = "Disfigured"]/stages/li[1]/baseOpinionOffset</xpath>
		<value>
			<baseOpinionOffset>3</baseOpinionOffset>
		</value>
	</Operation>
	
	<!-- HardWorkerVsLazy -->

	<!-- TeetotalerVsChemicalInterest -->

	<!-- TeetotalerVsAddict -->

	<Operation Class="PatchOperationReplace">
		<xpath>*/ThoughtDef[defName = "TeetotalerVsAddict"]/stages/li[1]/baseOpinionOffset</xpath>
		<value>
			<baseOpinionOffset>-15</baseOpinionOffset>
		</value>
	</Operation>

	<!-- ChemicalInterestVsTeetotaler -->

	<!-- Drunk -->

	<!-- Pretty -->

	<!-- Ugly -->

	<Operation Class="PatchOperationReplace">
		<xpath>*/ThoughtDef[defName = "Ugly"]/stages/li[1]/baseOpinionOffset</xpath>
		<value>
			<baseOpinionOffset>-15</baseOpinionOffset>
		</value>
	</Operation>
	<Operation Class="PatchOperationReplace">
		<xpath>*/ThoughtDef[defName = "Ugly"]/stages/li[2]/baseOpinionOffset</xpath>
		<value>
			<baseOpinionOffset>-30</baseOpinionOffset>
		</value>
	</Operation>

	<!-- AnnoyingVoice -->

	<Operation Class="PatchOperationReplace">
		<xpath>*/ThoughtDef[defName = "AnnoyingVoice"]/stages/li[1]/baseOpinionOffset</xpath>
		<value>
			<baseOpinionOffset>-20</baseOpinionOffset>
		</value>
	</Operation>

	<!-- CreepyBreathing -->

	<!-- Man -->

	<!-- Woman -->

	<!-- TranshumanistAppreciation -->

	<!-- BodyPuristDisgust -->

	<!-- ButcheredHumanlikeCorpseOpinion -->

	<Operation Class="PatchOperationReplace">
		<xpath>*/ThoughtDef[defName = "ButcheredHumanlikeCorpseOpinion"]/stages/li[1]/baseOpinionOffset</xpath>
		<value>
			<baseOpinionOffset>-5</baseOpinionOffset>
		</value>
	</Operation>

	<!-- AteRawHumanlikeMeat -->

	<Operation Class="PatchOperationReplace">
		<xpath>*/ThoughtDef[defName = "AteRawHumanlikeMeat"]/stages/li[1]/baseOpinionOffset</xpath>
		<value>
			<baseOpinionOffset>-20</baseOpinionOffset>
		</value>
	</Operation>

	<!-- SoldPrisoner -->

	<Operation Class="PatchOperationReplace">
		<xpath>*/ThoughtDef[defName = "SoldPrisoner"]/stages/li[1]/baseOpinionOffset</xpath>
		<value>
			<baseOpinionOffset>-8</baseOpinionOffset>
		</value>
	</Operation>

	<!-- ExecutedPrisoner -->

	<Operation Class="PatchOperationReplace">
		<xpath>*/ThoughtDef[defName = "ExecutedPrisoner"]/stages/li[1]/baseOpinionOffset</xpath>
		<value>
			<baseOpinionOffset>-5</baseOpinionOffset>
		</value>
	</Operation>

	<!-- KilledColonist -->

	<Operation Class="PatchOperationReplace">
		<xpath>*/ThoughtDef[defName = "KilledColonist"]/stages/li[1]/baseOpinionOffset</xpath>
		<value>
			<baseOpinionOffset>-30</baseOpinionOffset>
		</value>
	</Operation>

	<!-- KilledColonyAnimal -->

	<Operation Class="PatchOperationReplace">
		<xpath>*/ThoughtDef[defName = "KilledColonyAnimal"]/stages/li[1]/baseOpinionOffset</xpath>
		<value>
			<baseOpinionOffset>-10</baseOpinionOffset>
		</value>
	</Operation>

	<!-- OpinionOfMyLover -->

	<Operation Class="PatchOperationSequence">
		<success>Always</success>
		<operations>
			<li Class="PatchOperationTest">
				<xpath>*/ThoughtDef[defName = "OpinionOfMyLover"]/nullifyingTraits</xpath>
				<success>Invert</success>
			</li>
			<li Class="PatchOperationAdd">
				<xpath>*/ThoughtDef[defName = "OpinionOfMyLover"]</xpath>
				<value>
					<nullifyingTraits/>
				</value>
			</li>
		</operations>
	</Operation>
	<Operation Class="PatchOperationAdd">
		<xpath>*/ThoughtDef[defName = "OpinionOfMyLover"]/nullifyingTraits</xpath>
		<value>
			<li>Psychopath</li>
		</value>
	</Operation>

	<!-- BondedAnimalMaster -->

	<!-- NotBondedAnimalMaster -->

	<!-- WantToSleepWithSpouseOrLover -->
	
	<Operation Class="PatchOperationSequence">
		<success>Always</success>
		<operations>
			<li Class="PatchOperationTest">
				<xpath>*/ThoughtDef[defName = "WantToSleepWithSpouseOrLover"]/nullifyingTraits</xpath>
				<success>Invert</success>
			</li>
			<li Class="PatchOperationAdd">
				<xpath>*/ThoughtDef[defName = "WantToSleepWithSpouseOrLover"]</xpath>
				<value>
					<nullifyingTraits/>
				</value>
			</li>
		</operations>
	</Operation>
	<Operation Class="PatchOperationAdd">
		<xpath>*/ThoughtDef[defName = "WantToSleepWithSpouseOrLover"]/nullifyingTraits</xpath>
		<value>
			<li>Psychopath</li>
		</value>
	</Operation>
	
</Patch>
