<Patch>

	<Operation Class="PatchOperationAdd">
		<xpath>*/ThoughtDef[@Name = "DeathMemory"]</xpath>
		<value>
			<stackedEffectMultiplier>0.25</stackedEffectMultiplier>
		</value>
	</Operation>

	<Operation Class="PatchOperationAdd">
		<xpath>*/ThoughtDef[@Name = "DeathMemoryFamily"]</xpath>
		<value>
			<stackedEffectMultiplier>0.5</stackedEffectMultiplier>
		</value>
	</Operation>

	<!-- KnowGuestExecuted -->
	
	<Operation Class="PatchOperationReplace">
		<xpath>*/ThoughtDef[defName = "KnowGuestExecuted"]/durationDays</xpath>
		<value>
			<durationDays>5</durationDays>
		</value>
	</Operation>
	<Operation Class="PatchOperationAdd">
		<xpath>*/ThoughtDef[defName = "KnowGuestExecuted"]</xpath>
		<value>
			<stackLimit>5</stackLimit>
			<stackedEffectMultiplier>0.75</stackedEffectMultiplier>
		</value>
	</Operation>
	<Operation Class="PatchOperationReplace">
		<xpath>*/ThoughtDef[defName = "KnowGuestExecuted"]/stages/li[1]/baseMoodEffect</xpath>
		<value>
			<baseMoodEffect>1</baseMoodEffect>
		</value>
	</Operation>
	<Operation Class="PatchOperationReplace">
		<xpath>*/ThoughtDef[defName = "KnowGuestExecuted"]/stages/li[2]/baseMoodEffect</xpath>
		<value>
			<baseMoodEffect>-2</baseMoodEffect>
		</value>
	</Operation>
	<Operation Class="PatchOperationReplace">
		<xpath>*/ThoughtDef[defName = "KnowGuestExecuted"]/stages/li[3]/baseMoodEffect</xpath>
		<value>
			<baseMoodEffect>-3</baseMoodEffect>
		</value>
	</Operation>
	<Operation Class="PatchOperationReplace">
		<xpath>*/ThoughtDef[defName = "KnowGuestExecuted"]/stages/li[4]/baseMoodEffect</xpath>
		<value>
			<baseMoodEffect>-5</baseMoodEffect>
		</value>
	</Operation>

	<!-- KnowColonistExecuted -->
	
	<Operation Class="PatchOperationReplace">
		<xpath>*/ThoughtDef[defName = "KnowColonistExecuted"]/durationDays</xpath>
		<value>
			<durationDays>7.5</durationDays>
		</value>
	</Operation>
	<Operation Class="PatchOperationReplace">
		<xpath>*/ThoughtDef[defName = "KnowColonistExecuted"]/stages/li[1]/baseMoodEffect</xpath>
		<value>
			<baseMoodEffect>-1</baseMoodEffect>
		</value>
	</Operation>
	<Operation Class="PatchOperationReplace">
		<xpath>*/ThoughtDef[defName = "KnowColonistExecuted"]/stages/li[2]/baseMoodEffect</xpath>
		<value>
			<baseMoodEffect>-5</baseMoodEffect>
		</value>
	</Operation>
	<Operation Class="PatchOperationReplace">
		<xpath>*/ThoughtDef[defName = "KnowColonistExecuted"]/stages/li[3]/baseMoodEffect</xpath>
		<value>
			<baseMoodEffect>-8</baseMoodEffect>
		</value>
	</Operation>
	<Operation Class="PatchOperationReplace">
		<xpath>*/ThoughtDef[defName = "KnowColonistExecuted"]/stages/li[4]/baseMoodEffect</xpath>
		<value>
			<baseMoodEffect>-10</baseMoodEffect>
		</value>
	</Operation>
	
	<!-- KnowPrisonerDiedInnocent -->
	
	<Operation Class="PatchOperationReplace">
		<xpath>*/ThoughtDef[defName = "KnowPrisonerDiedInnocent"]/durationDays</xpath>
		<value>
			<durationDays>5</durationDays>
		</value>
	</Operation>
	<Operation Class="PatchOperationReplace">
		<xpath>*/ThoughtDef[defName = "KnowPrisonerDiedInnocent"]/stackLimit</xpath>
		<value>
			<stackLimit>3</stackLimit>
		</value>
	</Operation>
	<Operation Class="PatchOperationReplace">
		<xpath>*/ThoughtDef[defName = "KnowPrisonerDiedInnocent"]/stages/li[1]/baseMoodEffect</xpath>
		<value>
			<baseMoodEffect>-1</baseMoodEffect>
		</value>
	</Operation>
	
	<!-- KnowColonistDied -->
	
	<Operation Class="PatchOperationReplace">
		<xpath>*/ThoughtDef[defName = "KnowColonistDied"]/durationDays</xpath>
		<value>
			<durationDays>7.5</durationDays>
		</value>
	</Operation>
	<Operation Class="PatchOperationReplace">
		<xpath>*/ThoughtDef[defName = "KnowColonistDied"]/stackLimit</xpath>
		<value>
			<stackLimit>3</stackLimit>
		</value>
	</Operation>
	<Operation Class="PatchOperationReplace">
		<xpath>*/ThoughtDef[defName = "KnowColonistDied"]/stages/li[1]/baseMoodEffect</xpath>
		<value>
			<baseMoodEffect>-5</baseMoodEffect>
		</value>
	</Operation>
	
	<!-- BondedAnimalDied -->
	
	<Operation Class="PatchOperationReplace">
		<xpath>*/ThoughtDef[defName = "BondedAnimalDied"]/durationDays</xpath>
		<value>
			<durationDays>15</durationDays>
		</value>
	</Operation>
	<Operation Class="PatchOperationAdd">
		<xpath>*/ThoughtDef[defName = "BondedAnimalDied"]</xpath>
		<value>
			<stackedEffectMultiplier>0.25</stackedEffectMultiplier>
		</value>
	</Operation>
	
	<!-- PawnWithGoodOpinionDied -->

	<Operation Class="PatchOperationReplace">
		<xpath>*/ThoughtDef[defName = "PawnWithGoodOpinionDied"]/durationDays</xpath>
		<value>
			<durationDays>15</durationDays>
		</value>
	</Operation>
	<Operation Class="PatchOperationAdd">
		<xpath>*/ThoughtDef[defName = "PawnWithGoodOpinionDied"]</xpath>
		<value>
			<stackedEffectMultiplier>0.5</stackedEffectMultiplier>
		</value>
	</Operation>
	
	<!-- PawnWithBadOpinionDied -->
	
	<Operation Class="PatchOperationSequence">
		<success>Always</success>
		<operations>
			<li Class="PatchOperationTest">
				<xpath>*/ThoughtDef[defName = "PawnWithBadOpinionDied"]/nullifyingTraits</xpath>
				<success>Invert</success>
			</li>
			<li Class="PatchOperationAdd">
				<xpath>*/ThoughtDef[defName = "PawnWithBadOpinionDied"]</xpath>
				<value>
					<nullifyingTraits/>
				</value>
			</li>
		</operations>
	</Operation>
	<Operation Class="PatchOperationAdd">
		<xpath>*/ThoughtDef[defName = "PawnWithBadOpinionDied"]/nullifyingTraits</xpath>
		<value>
			<li>Psychopath</li>
		</value>
	</Operation>
	<Operation Class="PatchOperationReplace">
		<xpath>*/ThoughtDef[defName = "PawnWithBadOpinionDied"]/durationDays</xpath>
		<value>
			<durationDays>5</durationDays>
		</value>
	</Operation>
	<Operation Class="PatchOperationReplace">
		<xpath>*/ThoughtDef[defName = "PawnWithBadOpinionDied"]/stackLimit</xpath>
		<value>
			<stackLimit>3</stackLimit>
		</value>
	</Operation>
	<Operation Class="PatchOperationAdd">
		<xpath>*/ThoughtDef[defName = "PawnWithBadOpinionDied"]</xpath>
		<value>
			<stackedEffectMultiplier>0.25</stackedEffectMultiplier>
		</value>
	</Operation>
	<Operation Class="PatchOperationReplace">
		<xpath>*/ThoughtDef[defName = "PawnWithBadOpinionDied"]/stages/li[1]/baseMoodEffect</xpath>
		<value>
			<baseMoodEffect>3</baseMoodEffect>
		</value>
	</Operation>

	<!-- MySonDied -->
	
	<Operation Class="PatchOperationSequence">
		<success>Always</success>
		<operations>
			<li Class="PatchOperationTest">
				<xpath>*/ThoughtDef[defName = "MySonDied"]/nullifyingTraits</xpath>
				<success>Invert</success>
			</li>
			<li Class="PatchOperationAdd">
				<xpath>*/ThoughtDef[defName = "MySonDied"]</xpath>
				<value>
					<nullifyingTraits/>
				</value>
			</li>
		</operations>
	</Operation>
	<Operation Class="PatchOperationAdd">
		<xpath>*/ThoughtDef[defName = "MySonDied"]/nullifyingTraits</xpath>
		<value>
			<li>Psychopath</li>
		</value>
	</Operation>
	<Operation Class="PatchOperationReplace">
		<xpath>*/ThoughtDef[defName = "MySonDied"]/stages/li[1]/baseMoodEffect</xpath>
		<value>
			<baseMoodEffect>-25</baseMoodEffect>
		</value>
	</Operation>

	<!-- MyDaughterDied -->
	
	<Operation Class="PatchOperationSequence">
		<success>Always</success>
		<operations>
			<li Class="PatchOperationTest">
				<xpath>*/ThoughtDef[defName = "MyDaughterDied"]/nullifyingTraits</xpath>
				<success>Invert</success>
			</li>
			<li Class="PatchOperationAdd">
				<xpath>*/ThoughtDef[defName = "MyDaughterDied"]</xpath>
				<value>
					<nullifyingTraits/>
				</value>
			</li>
		</operations>
	</Operation>
	<Operation Class="PatchOperationAdd">
		<xpath>*/ThoughtDef[defName = "MyDaughterDied"]/nullifyingTraits</xpath>
		<value>
			<li>Psychopath</li>
		</value>
	</Operation>
	<Operation Class="PatchOperationReplace">
		<xpath>*/ThoughtDef[defName = "MyDaughterDied"]/stages/li[1]/baseMoodEffect</xpath>
		<value>
			<baseMoodEffect>-25</baseMoodEffect>
		</value>
	</Operation>

	<!-- MyHusbandDied -->
	
	<Operation Class="PatchOperationSequence">
		<success>Always</success>
		<operations>
			<li Class="PatchOperationTest">
				<xpath>*/ThoughtDef[defName = "MyHusbandDied"]/nullifyingTraits</xpath>
				<success>Invert</success>
			</li>
			<li Class="PatchOperationAdd">
				<xpath>*/ThoughtDef[defName = "MyHusbandDied"]</xpath>
				<value>
					<nullifyingTraits/>
				</value>
			</li>
		</operations>
	</Operation>
	<Operation Class="PatchOperationAdd">
		<xpath>*/ThoughtDef[defName = "MyHusbandDied"]/nullifyingTraits</xpath>
		<value>
			<li>Psychopath</li>
		</value>
	</Operation>
	<Operation Class="PatchOperationReplace">
		<xpath>*/ThoughtDef[defName = "MyHusbandDied"]/stages/li[1]/baseMoodEffect</xpath>
		<value>
			<baseMoodEffect>-25</baseMoodEffect>
		</value>
	</Operation>

	<!-- MyWifeDied -->

	<Operation Class="PatchOperationSequence">
		<success>Always</success>
		<operations>
			<li Class="PatchOperationTest">
				<xpath>*/ThoughtDef[defName = "MyWifeDied"]/nullifyingTraits</xpath>
				<success>Invert</success>
			</li>
			<li Class="PatchOperationAdd">
				<xpath>*/ThoughtDef[defName = "MyWifeDied"]</xpath>
				<value>
					<nullifyingTraits/>
				</value>
			</li>
		</operations>
	</Operation>
	<Operation Class="PatchOperationAdd">
		<xpath>*/ThoughtDef[defName = "MyWifeDied"]/nullifyingTraits</xpath>
		<value>
			<li>Psychopath</li>
		</value>
	</Operation>
	<Operation Class="PatchOperationReplace">
		<xpath>*/ThoughtDef[defName = "MyWifeDied"]/stages/li[1]/baseMoodEffect</xpath>
		<value>
			<baseMoodEffect>-25</baseMoodEffect>
		</value>
	</Operation>

	<!-- MyFianceDied -->

	<Operation Class="PatchOperationSequence">
		<success>Always</success>
		<operations>
			<li Class="PatchOperationTest">
				<xpath>*/ThoughtDef[defName = "MyFianceDied"]/nullifyingTraits</xpath>
				<success>Invert</success>
			</li>
			<li Class="PatchOperationAdd">
				<xpath>*/ThoughtDef[defName = "MyFianceDied"]</xpath>
				<value>
					<nullifyingTraits/>
				</value>
			</li>
		</operations>
	</Operation>
	<Operation Class="PatchOperationAdd">
		<xpath>*/ThoughtDef[defName = "MyFianceDied"]/nullifyingTraits</xpath>
		<value>
			<li>Psychopath</li>
		</value>
	</Operation>
	<Operation Class="PatchOperationReplace">
		<xpath>*/ThoughtDef[defName = "MyFianceDied"]/stages/li[1]/baseMoodEffect</xpath>
		<value>
			<baseMoodEffect>-22</baseMoodEffect>
		</value>
	</Operation>

	<!-- MyFianceeDied -->

	<Operation Class="PatchOperationSequence">
		<success>Always</success>
		<operations>
			<li Class="PatchOperationTest">
				<xpath>*/ThoughtDef[defName = "MyFianceeDied"]/nullifyingTraits</xpath>
				<success>Invert</success>
			</li>
			<li Class="PatchOperationAdd">
				<xpath>*/ThoughtDef[defName = "MyFianceeDied"]</xpath>
				<value>
					<nullifyingTraits/>
				</value>
			</li>
		</operations>
	</Operation>
	<Operation Class="PatchOperationAdd">
		<xpath>*/ThoughtDef[defName = "MyFianceeDied"]/nullifyingTraits</xpath>
		<value>
			<li>Psychopath</li>
		</value>
	</Operation>
	<Operation Class="PatchOperationReplace">
		<xpath>*/ThoughtDef[defName = "MyFianceeDied"]/stages/li[1]/baseMoodEffect</xpath>
		<value>
			<baseMoodEffect>-22</baseMoodEffect>
		</value>
	</Operation>

	<!-- MyLoverDied -->

	<Operation Class="PatchOperationSequence">
		<success>Always</success>
		<operations>
			<li Class="PatchOperationTest">
				<xpath>*/ThoughtDef[defName = "MyLoverDied"]/nullifyingTraits</xpath>
				<success>Invert</success>
			</li>
			<li Class="PatchOperationAdd">
				<xpath>*/ThoughtDef[defName = "MyLoverDied"]</xpath>
				<value>
					<nullifyingTraits/>
				</value>
			</li>
		</operations>
	</Operation>
	<Operation Class="PatchOperationAdd">
		<xpath>*/ThoughtDef[defName = "MyLoverDied"]/nullifyingTraits</xpath>
		<value>
			<li>Psychopath</li>
		</value>
	</Operation>
	<Operation Class="PatchOperationReplace">
		<xpath>*/ThoughtDef[defName = "MyLoverDied"]/stages/li[1]/baseMoodEffect</xpath>
		<value>
			<baseMoodEffect>-20</baseMoodEffect>
		</value>
	</Operation>

	<!-- MyBrotherDied -->

	<Operation Class="PatchOperationSequence">
		<success>Always</success>
		<operations>
			<li Class="PatchOperationTest">
				<xpath>*/ThoughtDef[defName = "MyBrotherDied"]/nullifyingTraits</xpath>
				<success>Invert</success>
			</li>
			<li Class="PatchOperationAdd">
				<xpath>*/ThoughtDef[defName = "MyBrotherDied"]</xpath>
				<value>
					<nullifyingTraits/>
				</value>
			</li>
		</operations>
	</Operation>
	<Operation Class="PatchOperationAdd">
		<xpath>*/ThoughtDef[defName = "MyBrotherDied"]/nullifyingTraits</xpath>
		<value>
			<li>Psychopath</li>
		</value>
	</Operation>
	<Operation Class="PatchOperationReplace">
		<xpath>*/ThoughtDef[defName = "MyBrotherDied"]/stages/li[1]/baseMoodEffect</xpath>
		<value>
			<baseMoodEffect>-20</baseMoodEffect>
		</value>
	</Operation>

	<!-- MySisterDied -->

	<Operation Class="PatchOperationSequence">
		<success>Always</success>
		<operations>
			<li Class="PatchOperationTest">
				<xpath>*/ThoughtDef[defName = "MySisterDied"]/nullifyingTraits</xpath>
				<success>Invert</success>
			</li>
			<li Class="PatchOperationAdd">
				<xpath>*/ThoughtDef[defName = "MySisterDied"]</xpath>
				<value>
					<nullifyingTraits/>
				</value>
			</li>
		</operations>
	</Operation>
	<Operation Class="PatchOperationAdd">
		<xpath>*/ThoughtDef[defName = "MySisterDied"]/nullifyingTraits</xpath>
		<value>
			<li>Psychopath</li>
		</value>
	</Operation>
	<Operation Class="PatchOperationReplace">
		<xpath>*/ThoughtDef[defName = "MySisterDied"]/stages/li[1]/baseMoodEffect</xpath>
		<value>
			<baseMoodEffect>-20</baseMoodEffect>
		</value>
	</Operation>

	<!-- MyGrandchildDied -->

	<Operation Class="PatchOperationSequence">
		<success>Always</success>
		<operations>
			<li Class="PatchOperationTest">
				<xpath>*/ThoughtDef[defName = "MyGrandchildDied"]/nullifyingTraits</xpath>
				<success>Invert</success>
			</li>
			<li Class="PatchOperationAdd">
				<xpath>*/ThoughtDef[defName = "MyGrandchildDied"]</xpath>
				<value>
					<nullifyingTraits/>
				</value>
			</li>
		</operations>
	</Operation>
	<Operation Class="PatchOperationAdd">
		<xpath>*/ThoughtDef[defName = "MyGrandchildDied"]/nullifyingTraits</xpath>
		<value>
			<li>Psychopath</li>
		</value>
	</Operation>
	<Operation Class="PatchOperationReplace">
		<xpath>*/ThoughtDef[defName = "MyGrandchildDied"]/stages/li[1]/baseMoodEffect</xpath>
		<value>
			<baseMoodEffect>-10</baseMoodEffect>
		</value>
	</Operation>

	<!-- MyFatherDied -->

	<Operation Class="PatchOperationSequence">
		<success>Always</success>
		<operations>
			<li Class="PatchOperationTest">
				<xpath>*/ThoughtDef[defName = "MyFatherDied"]/nullifyingTraits</xpath>
				<success>Invert</success>
			</li>
			<li Class="PatchOperationAdd">
				<xpath>*/ThoughtDef[defName = "MyFatherDied"]</xpath>
				<value>
					<nullifyingTraits/>
				</value>
			</li>
		</operations>
	</Operation>
	<Operation Class="PatchOperationAdd">
		<xpath>*/ThoughtDef[defName = "MyFatherDied"]/nullifyingTraits</xpath>
		<value>
			<li>Psychopath</li>
		</value>
	</Operation>
	<Operation Class="PatchOperationReplace">
		<xpath>*/ThoughtDef[defName = "MyFatherDied"]/stages/li[1]/baseMoodEffect</xpath>
		<value>
			<baseMoodEffect>-20</baseMoodEffect>
		</value>
	</Operation>

	<!-- MyMotherDied -->

	<Operation Class="PatchOperationSequence">
		<success>Always</success>
		<operations>
			<li Class="PatchOperationTest">
				<xpath>*/ThoughtDef[defName = "MyMotherDied"]/nullifyingTraits</xpath>
				<success>Invert</success>
			</li>
			<li Class="PatchOperationAdd">
				<xpath>*/ThoughtDef[defName = "MyMotherDied"]</xpath>
				<value>
					<nullifyingTraits/>
				</value>
			</li>
		</operations>
	</Operation>
	<Operation Class="PatchOperationAdd">
		<xpath>*/ThoughtDef[defName = "MyMotherDied"]/nullifyingTraits</xpath>
		<value>
			<li>Psychopath</li>
		</value>
	</Operation>
	<Operation Class="PatchOperationReplace">
		<xpath>*/ThoughtDef[defName = "MyMotherDied"]/stages/li[1]/baseMoodEffect</xpath>
		<value>
			<baseMoodEffect>-20</baseMoodEffect>
		</value>
	</Operation>

	<!-- MyNieceDied -->

	<Operation Class="PatchOperationSequence">
		<success>Always</success>
		<operations>
			<li Class="PatchOperationTest">
				<xpath>*/ThoughtDef[defName = "MyNieceDied"]/nullifyingTraits</xpath>
				<success>Invert</success>
			</li>
			<li Class="PatchOperationAdd">
				<xpath>*/ThoughtDef[defName = "MyNieceDied"]</xpath>
				<value>
					<nullifyingTraits/>
				</value>
			</li>
		</operations>
	</Operation>
	<Operation Class="PatchOperationAdd">
		<xpath>*/ThoughtDef[defName = "MyNieceDied"]/nullifyingTraits</xpath>
		<value>
			<li>Psychopath</li>
		</value>
	</Operation>
	<Operation Class="PatchOperationReplace">
		<xpath>*/ThoughtDef[defName = "MyNieceDied"]/stages/li[1]/baseMoodEffect</xpath>
		<value>
			<baseMoodEffect>-8</baseMoodEffect>
		</value>
	</Operation>

	<!-- MyNephewDied -->

	<Operation Class="PatchOperationSequence">
		<success>Always</success>
		<operations>
			<li Class="PatchOperationTest">
				<xpath>*/ThoughtDef[defName = "MyNephewDied"]/nullifyingTraits</xpath>
				<success>Invert</success>
			</li>
			<li Class="PatchOperationAdd">
				<xpath>*/ThoughtDef[defName = "MyNephewDied"]</xpath>
				<value>
					<nullifyingTraits/>
				</value>
			</li>
		</operations>
	</Operation>
	<Operation Class="PatchOperationAdd">
		<xpath>*/ThoughtDef[defName = "MyNephewDied"]/nullifyingTraits</xpath>
		<value>
			<li>Psychopath</li>
		</value>
	</Operation>
	<Operation Class="PatchOperationReplace">
		<xpath>*/ThoughtDef[defName = "MyNephewDied"]/stages/li[1]/baseMoodEffect</xpath>
		<value>
			<baseMoodEffect>-8</baseMoodEffect>
		</value>
	</Operation>

	<!-- MyHalfSiblingDied -->

	<Operation Class="PatchOperationSequence">
		<success>Always</success>
		<operations>
			<li Class="PatchOperationTest">
				<xpath>*/ThoughtDef[defName = "MyHalfSiblingDied"]/nullifyingTraits</xpath>
				<success>Invert</success>
			</li>
			<li Class="PatchOperationAdd">
				<xpath>*/ThoughtDef[defName = "MyHalfSiblingDied"]</xpath>
				<value>
					<nullifyingTraits/>
				</value>
			</li>
		</operations>
	</Operation>
	<Operation Class="PatchOperationAdd">
		<xpath>*/ThoughtDef[defName = "MyHalfSiblingDied"]/nullifyingTraits</xpath>
		<value>
			<li>Psychopath</li>
		</value>
	</Operation>
	<Operation Class="PatchOperationReplace">
		<xpath>*/ThoughtDef[defName = "MyHalfSiblingDied"]/stages/li[1]/baseMoodEffect</xpath>
		<value>
			<baseMoodEffect>-10</baseMoodEffect>
		</value>
	</Operation>

	<!-- MyAuntDied -->

	<Operation Class="PatchOperationSequence">
		<success>Always</success>
		<operations>
			<li Class="PatchOperationTest">
				<xpath>*/ThoughtDef[defName = "MyAuntDied"]/nullifyingTraits</xpath>
				<success>Invert</success>
			</li>
			<li Class="PatchOperationAdd">
				<xpath>*/ThoughtDef[defName = "MyAuntDied"]</xpath>
				<value>
					<nullifyingTraits/>
				</value>
			</li>
		</operations>
	</Operation>
	<Operation Class="PatchOperationAdd">
		<xpath>*/ThoughtDef[defName = "MyAuntDied"]/nullifyingTraits</xpath>
		<value>
			<li>Psychopath</li>
		</value>
	</Operation>
	<Operation Class="PatchOperationReplace">
		<xpath>*/ThoughtDef[defName = "MyAuntDied"]/stages/li[1]/baseMoodEffect</xpath>
		<value>
			<baseMoodEffect>-8</baseMoodEffect>
		</value>
	</Operation>

	<!-- MyUncleDied -->

	<Operation Class="PatchOperationSequence">
		<success>Always</success>
		<operations>
			<li Class="PatchOperationTest">
				<xpath>*/ThoughtDef[defName = "MyUncleDied"]/nullifyingTraits</xpath>
				<success>Invert</success>
			</li>
			<li Class="PatchOperationAdd">
				<xpath>*/ThoughtDef[defName = "MyUncleDied"]</xpath>
				<value>
					<nullifyingTraits/>
				</value>
			</li>
		</operations>
	</Operation>
	<Operation Class="PatchOperationAdd">
		<xpath>*/ThoughtDef[defName = "MyUncleDied"]/nullifyingTraits</xpath>
		<value>
			<li>Psychopath</li>
		</value>
	</Operation>
	<Operation Class="PatchOperationReplace">
		<xpath>*/ThoughtDef[defName = "MyUncleDied"]/stages/li[1]/baseMoodEffect</xpath>
		<value>
			<baseMoodEffect>-8</baseMoodEffect>
		</value>
	</Operation>

	<!-- MyGrandparentDied -->

	<Operation Class="PatchOperationSequence">
		<success>Always</success>
		<operations>
			<li Class="PatchOperationTest">
				<xpath>*/ThoughtDef[defName = "MyGrandparentDied"]/nullifyingTraits</xpath>
				<success>Invert</success>
			</li>
			<li Class="PatchOperationAdd">
				<xpath>*/ThoughtDef[defName = "MyGrandparentDied"]</xpath>
				<value>
					<nullifyingTraits/>
				</value>
			</li>
		</operations>
	</Operation>
	<Operation Class="PatchOperationAdd">
		<xpath>*/ThoughtDef[defName = "MyGrandparentDied"]/nullifyingTraits</xpath>
		<value>
			<li>Psychopath</li>
		</value>
	</Operation>
	<Operation Class="PatchOperationReplace">
		<xpath>*/ThoughtDef[defName = "MyGrandparentDied"]/stages/li[1]/baseMoodEffect</xpath>
		<value>
			<baseMoodEffect>-8</baseMoodEffect>
		</value>
	</Operation>

	<!-- MyCousinDied -->

	<Operation Class="PatchOperationSequence">
		<success>Always</success>
		<operations>
			<li Class="PatchOperationTest">
				<xpath>*/ThoughtDef[defName = "MyCousinDied"]/nullifyingTraits</xpath>
				<success>Invert</success>
			</li>
			<li Class="PatchOperationAdd">
				<xpath>*/ThoughtDef[defName = "MyCousinDied"]</xpath>
				<value>
					<nullifyingTraits/>
				</value>
			</li>
		</operations>
	</Operation>
	<Operation Class="PatchOperationAdd">
		<xpath>*/ThoughtDef[defName = "MyCousinDied"]/nullifyingTraits</xpath>
		<value>
			<li>Psychopath</li>
		</value>
	</Operation>
	<Operation Class="PatchOperationReplace">
		<xpath>*/ThoughtDef[defName = "MyCousinDied"]/stages/li[1]/baseMoodEffect</xpath>
		<value>
			<baseMoodEffect>-8</baseMoodEffect>
		</value>
	</Operation>

	<!-- MyKinDied -->

	<Operation Class="PatchOperationSequence">
		<success>Always</success>
		<operations>
			<li Class="PatchOperationTest">
				<xpath>*/ThoughtDef[defName = "MyKinDied"]/nullifyingTraits</xpath>
				<success>Invert</success>
			</li>
			<li Class="PatchOperationAdd">
				<xpath>*/ThoughtDef[defName = "MyKinDied"]</xpath>
				<value>
					<nullifyingTraits/>
				</value>
			</li>
		</operations>
	</Operation>
	<Operation Class="PatchOperationAdd">
		<xpath>*/ThoughtDef[defName = "MyKinDied"]/nullifyingTraits</xpath>
		<value>
			<li>Psychopath</li>
		</value>
	</Operation>
	<Operation Class="PatchOperationReplace">
		<xpath>*/ThoughtDef[defName = "MyKinDied"]/stages/li[1]/baseMoodEffect</xpath>
		<value>
			<baseMoodEffect>-5</baseMoodEffect>
		</value>
	</Operation>
	
</Patch>
