<Patch>

	<!-- AteLavishMeal -->
	
	<Operation Class="PatchOperationReplace">
		<xpath>*/ThoughtDef[defName = "AteLavishMeal"]/durationDays</xpath>
		<value>
			<durationDays>0.5</durationDays>
		</value>
	</Operation>
	<Operation Class="PatchOperationAdd">
		<xpath>*/ThoughtDef[defName = "AteLavishMeal"]</xpath>
		<value>
			<stackLimit>1</stackLimit>
		</value>
	</Operation>
	<Operation Class="PatchOperationReplace">
		<xpath>*/ThoughtDef[defName = "AteLavishMeal"]/stages/li[1]/baseMoodEffect</xpath>
		<value>
			<baseMoodEffect>10</baseMoodEffect>
		</value>
	</Operation>

	<!-- AteFineMeal -->

	<Operation Class="PatchOperationReplace">
		<xpath>*/ThoughtDef[defName = "AteFineMeal"]/durationDays</xpath>
		<value>
			<durationDays>0.5</durationDays>
		</value>
	</Operation>
	<Operation Class="PatchOperationAdd">
		<xpath>*/ThoughtDef[defName = "AteFineMeal"]</xpath>
		<value>
			<stackLimit>1</stackLimit>
		</value>
	</Operation>

	<!-- AteAwfulMeal -->

	<Operation Class="PatchOperationReplace">
		<xpath>*/ThoughtDef[defName = "AteAwfulMeal"]/durationDays</xpath>
		<value>
			<durationDays>0.5</durationDays>
		</value>
	</Operation>
	<Operation Class="PatchOperationAdd">
		<xpath>*/ThoughtDef[defName = "AteAwfulMeal"]</xpath>
		<value>
			<stackLimit>1</stackLimit>
		</value>
	</Operation>
	<Operation Class="PatchOperationReplace">
		<xpath>*/ThoughtDef[defName = "AteAwfulMeal"]/stages/li[1]/baseMoodEffect</xpath>
		<value>
			<baseMoodEffect>-3</baseMoodEffect>
		</value>
	</Operation>

	<!-- AteRawFood -->

	<Operation Class="PatchOperationReplace">
		<xpath>*/ThoughtDef[defName = "AteRawFood"]/durationDays</xpath>
		<value>
			<durationDays>0.5</durationDays>
		</value>
	</Operation>
	<Operation Class="PatchOperationAdd">
		<xpath>*/ThoughtDef[defName = "AteRawFood"]</xpath>
		<value>
			<stackLimit>1</stackLimit>
		</value>
	</Operation>
	<Operation Class="PatchOperationReplace">
		<xpath>*/ThoughtDef[defName = "AteRawFood"]/stages/li[1]/baseMoodEffect</xpath>
		<value>
			<baseMoodEffect>-5</baseMoodEffect>
		</value>
	</Operation>

	<!-- AteKibble -->

	<Operation Class="PatchOperationReplace">
		<xpath>*/ThoughtDef[defName = "AteKibble"]/durationDays</xpath>
		<value>
			<durationDays>0.5</durationDays>
		</value>
	</Operation>
	<Operation Class="PatchOperationAdd">
		<xpath>*/ThoughtDef[defName = "AteKibble"]</xpath>
		<value>
			<stackLimit>1</stackLimit>
		</value>
	</Operation>
	<Operation Class="PatchOperationReplace">
		<xpath>*/ThoughtDef[defName = "AteKibble"]/stages/li[1]/baseMoodEffect</xpath>
		<value>
			<baseMoodEffect>-8</baseMoodEffect>
		</value>
	</Operation>

	<!-- AteCorpse -->

	<Operation Class="PatchOperationAdd">
		<xpath>*/ThoughtDef[defName = "AteCorpse"]</xpath>
		<value>
			<stackLimit>1</stackLimit>
		</value>
	</Operation>
	<Operation Class="PatchOperationReplace">
		<xpath>*/ThoughtDef[defName = "AteCorpse"]/stages/li[1]/baseMoodEffect</xpath>
		<value>
			<baseMoodEffect>-10</baseMoodEffect>
		</value>
	</Operation>

	<!-- AteHumanlikeMeatDirect -->

	<Operation Class="PatchOperationReplace">
		<xpath>*/ThoughtDef[defName = "AteHumanlikeMeatDirect"]/durationDays</xpath>
		<value>
			<durationDays>1.5</durationDays>
		</value>
	</Operation>
	<Operation Class="PatchOperationAdd">
		<xpath>*/ThoughtDef[defName = "AteHumanlikeMeatDirect"]</xpath>
		<value>
			<stackedEffectMultiplier>0.25</stackedEffectMultiplier>
			<stackLimit>3</stackLimit>
		</value>
	</Operation>
	<Operation Class="PatchOperationReplace">
		<xpath>*/ThoughtDef[defName = "AteHumanlikeMeatDirect"]/stages/li[1]/baseMoodEffect</xpath>
		<value>
			<baseMoodEffect>-25</baseMoodEffect>
		</value>
	</Operation>

	<!-- AteHumanlikeMeatDirectCannibal -->

	<Operation Class="PatchOperationReplace">
		<xpath>*/ThoughtDef[defName = "AteHumanlikeMeatDirectCannibal"]/durationDays</xpath>
		<value>
			<durationDays>1.5</durationDays>
		</value>
	</Operation>
	<Operation Class="PatchOperationAdd">
		<xpath>*/ThoughtDef[defName = "AteHumanlikeMeatDirectCannibal"]</xpath>
		<value>
			<stackedEffectMultiplier>0.25</stackedEffectMultiplier>
			<stackLimit>1</stackLimit>
		</value>
	</Operation>

	<!-- AteHumanlikeMeatAsIngredient -->

	<Operation Class="PatchOperationReplace">
		<xpath>*/ThoughtDef[defName = "AteHumanlikeMeatAsIngredient"]/durationDays</xpath>
		<value>
			<durationDays>1.5</durationDays>
		</value>
	</Operation>
	<Operation Class="PatchOperationAdd">
		<xpath>*/ThoughtDef[defName = "AteHumanlikeMeatAsIngredient"]</xpath>
		<value>
			<stackedEffectMultiplier>0.25</stackedEffectMultiplier>
			<stackLimit>3</stackLimit>
		</value>
	</Operation>
	<Operation Class="PatchOperationReplace">
		<xpath>*/ThoughtDef[defName = "AteHumanlikeMeatAsIngredient"]/stages/li[1]/baseMoodEffect</xpath>
		<value>
			<baseMoodEffect>-20</baseMoodEffect>
		</value>
	</Operation>

	<!-- AteHumanlikeMeatAsIngredientCannibal -->

	<Operation Class="PatchOperationAdd">
		<xpath>*/ThoughtDef[defName = "AteHumanlikeMeatAsIngredientCannibal"]</xpath>
		<value>
			<stackedEffectMultiplier>0.25</stackedEffectMultiplier>
			<stackLimit>1</stackLimit>
		</value>
	</Operation>

	<!-- AteInsectMeatDirect -->

	<Operation Class="PatchOperationReplace">
		<xpath>*/ThoughtDef[defName = "AteInsectMeatDirect"]/durationDays</xpath>
		<value>
			<durationDays>0.5</durationDays>
		</value>
	</Operation>
	<Operation Class="PatchOperationAdd">
		<xpath>*/ThoughtDef[defName = "AteInsectMeatDirect"]</xpath>
		<value>
			<stackLimit>1</stackLimit>
		</value>
	</Operation>
	<Operation Class="PatchOperationReplace">
		<xpath>*/ThoughtDef[defName = "AteInsectMeatDirect"]/stages/li[1]/baseMoodEffect</xpath>
		<value>
			<baseMoodEffect>-3</baseMoodEffect>
		</value>
	</Operation>

	<!-- AteInsectMeatAsIngredient -->

	<Operation Class="PatchOperationReplace">
		<xpath>*/ThoughtDef[defName = "AteInsectMeatAsIngredient"]/durationDays</xpath>
		<value>
			<durationDays>0.5</durationDays>
		</value>
	</Operation>
	<Operation Class="PatchOperationAdd">
		<xpath>*/ThoughtDef[defName = "AteInsectMeatAsIngredient"]</xpath>
		<value>
			<stackLimit>3</stackLimit>
		</value>
	</Operation>
	<Operation Class="PatchOperationReplace">
		<xpath>*/ThoughtDef[defName = "AteInsectMeatAsIngredient"]/stages/li[1]/baseMoodEffect</xpath>
		<value>
			<baseMoodEffect>-1</baseMoodEffect>
		</value>
	</Operation>

	<!-- AteRottenFood -->

	<Operation Class="PatchOperationAdd">
		<xpath>*/ThoughtDef[defName = "AteRottenFood"]</xpath>
		<value>
			<stackLimit>1</stackLimit>
		</value>
	</Operation>

</Patch>
