<Patch>

	<!-- MasochistPain -->
	
	<!-- ProsthophileNoProsthetic -->

	<!-- ProsthophileHappy -->

	<!-- ProsthophobeUnhappy -->

	<!-- BrawlerUnhappy -->

	<Operation Class="PatchOperationReplace">
		<xpath>*/ThoughtDef[defName = "BrawlerUnhappy"]/stages/li[1]/baseMoodEffect</xpath>
		<value>
			<baseMoodEffect>-10</baseMoodEffect>
		</value>
	</Operation>

	<!-- PyromaniacHappy -->

	<!-- ClothedNudist -->

	<!-- HappyNude -->

	<Operation Class="PatchOperationReplace">
		<xpath>*/ThoughtDef[defName = "HappyNude"]/stages/li[1]/baseMoodEffect</xpath>
		<value>
			<baseMoodEffect>15</baseMoodEffect>
		</value>
	</Operation>

	<!-- NightOwlDuringTheDay -->

	<Operation Class="PatchOperationReplace">
		<xpath>*/ThoughtDef[defName = "NightOwlDuringTheDay"]/stages/li[1]/baseMoodEffect</xpath>
		<value>
			<baseMoodEffect>-8</baseMoodEffect>
		</value>
	</Operation>

	<!-- NightOwlDuringTheNight -->

	<Operation Class="PatchOperationReplace">
		<xpath>*/ThoughtDef[defName = "NightOwlDuringTheNight"]/stages/li[1]/baseMoodEffect</xpath>
		<value>
			<baseMoodEffect>12</baseMoodEffect>
		</value>
	</Operation>

	<!-- Greedy -->

	<!-- Jealous -->

	<!-- Ascetic -->

</Patch>
